Workbook

Sheet Estimates of the use of water (
A1: name | B1: year | C1: pop_n | D1: pop_u | E1: wat_bas_n | F1: wat_lim_n | G1: wat_unimp_n | H1: wat_sur_n | I1: wat_bas_r | J1: wat_lim_r | K1: wat_unimp_r | L1: wat_sur_r | M1: wat_bas_u | N1: wat_lim_u | O1: wat_unimp_u | P1: wat_sur_u | Q1: y_diff | R1: ARC_n | S1: ARC_r | T1: ARC_u | U1: wat_bas_n(rounded) | V1: wat_bas_r(rounded) | W1: wat_bas_u(rounded) | X1: ARC_n_full | Y1: ARC_r_full | Z1: ARC_u_full | AA1: ARC_diff | AB1: Region
A2: Afghanistan | B2: 2015 | C2: 34413.602 | D2: 24.802999 | E2: 61.339781 | F2: 3.5111995 | G2: 22.168784 | H2: 12.980236 | I2: 52.988502 | J2: 3.8611366 | K2: 26.553268 | L2: 16.597094 | M2: 86.658941 | N2: 2.4502706 | O2: 8.8760357 | P2: 2.014753 | Q2: =IF(A3=A2,B3-B2,"") -> 5 | R2: =IFERROR(IF($A3=$A2,($E3-$E2)/($B3-$B2),""),"null") -> 2.7503265 | S2: =IFERROR(IF($A3=$A2,($I3-$I2)/($B3-$B2),""),"null") -> 2.6678826 | T2: =IFERROR(IF($A3=$A2,($M3-$M2)/($B3-$B2),""),"null") -> 2.6682119 | U2: =IFERROR(ROUND(E2,0),"null") -> 61 | V2: =IFERROR(ROUND(I2,0),"null") -> 53 | W2: =IFERROR(ROUND(M2,0),"null") -> 87 | X2: =IF(AND($A3=$A2,$U2=100,$U3=100),"fullaccesss","") | Y2: =IF(AND($A3=$A2,$V2=100,$V3=100),"fullaccesss","") | Z2: =IF(AND($A3=$A2,$W2=100,$W3=100),"fullaccesss","") | AA2: =IFERROR(IF(AND(S2<>"",T2<>""),S2-T2,""),"null") -> -0.000329218 | AB2: =LOOKUP($A2,Sheet2!$A$1:$B$233) -> #N/A
A3: Afghanistan | B3: 2020 | C3: 38928.34 | D3: 26.025999 | E3: 75.091413 | F3: 1.4475417 | G3: 14.560263 | H3: 8.9007822 | I3: 66.327915 | J3: 1.9568249 | K3: 19.682949 | L3: 12.032311 | M3: 100 | N3: 0 | O3: 0 | P3: 0 | Q3: =IF(A4=A3,B4-B3,"") | R3: =IFERROR(IF($A4=$A3,($E4-$E3)/($B4-$B3),""),"null") | S3: =IFERROR(IF($A4=$A3,($I4-$I3)/($B4-$B3),""),"null") | T3: =IFERROR(IF($A4=$A3,($M4-$M3)/($B4-$B3),""),"null") | U3: =IFERROR(ROUND(E3,0),"null") -> 75 | V3: =IFERROR(ROUND(I3,0),"null") -> 66 | W3: =IFERROR(ROUND(M3,0),"null") -> 100 | X3: =IF(AND($A4=$A3,$U3=100,$U4=100),"fullaccesss","") | Y3: =IF(AND($A4=$A3,$V3=100,$V4=100),"fullaccesss","") | Z3: =IF(AND($A4=$A3,$W3=100,$W4=100),"fullaccesss","") | AA3: =IFERROR(IF(AND(S3<>"",T3<>""),S3-T3,""),"null") | AB3: =LOOKUP($A3,Sheet2!$A$1:$B$233) -> #N/A
A4: Albania | B4: 2015 | C4: 2890.5239 | D4: 57.433998 | E4: 93.394325 | F4: 3.6263837 | G4: 2.979291 | H4: 0 | I4: 90.627275 | J4: 5.2631726 | K4: 4.1095527 | L4: 0 | M4: 95.445067 | N4: 2.4133118 | O4: 2.1416212 | P4: 0 | Q4: =IF(A5=A4,B5-B4,"") -> 5 | R4: =IFERROR(IF($A5=$A4,($E5-$E4)/($B5-$B4),""),"null") -> 0.3347427 | S4: =IFERROR(IF($A5=$A4,($I5-$I4)/($B5-$B4),""),"null") -> 0.69281669 | T4: =IFERROR(IF($A5=$A4,($M5-$M4)/($B5-$B4),""),"null") -> 0.043748432 | U4: =IFERROR(ROUND(E4,0),"null") -> 93 | V4: =IFERROR(ROUND(I4,0),"null") -> 91 | W4: =IFERROR(ROUND(M4,0),"null") -> 95 | X4: =IF(AND($A5=$A4,$U4=100,$U5=100),"fullaccesss","") | Y4: =IF(AND($A5=$A4,$V4=100,$V5=100),"fullaccesss","") | Z4: =IF(AND($A5=$A4,$W4=100,$W5=100),"fullaccesss","") | AA4: =IFERROR(IF(AND(S4<>"",T4<>""),S4-T4,""),"null") -> 0.64906826 | AB4: =LOOKUP($A4,Sheet2!$A$1:$B$233) -> Europe & Central Asia
A5: Albania | B5: 2020 | C5: 2877.8 | D5: 62.112 | E5: 95.068039 | F5: 1.8846561 | G5: 3.0473051 | H5: 0 | I5: 94.091358 | J5: 2.305265 | K5: 3.603377 | L5: 0 | M5: 95.663809 | N5: 1.6280868 | O5: 2.7081041 | P5: 0 | Q5: =IF(A6=A5,B6-B5,"") | R5: =IFERROR(IF($A6=$A5,($E6-$E5)/($B6-$B5),""),"null") | S5: =IFERROR(IF($A6=$A5,($I6-$I5)/($B6-$B5),""),"null") | T5: =IFERROR(IF($A6=$A5,($M6-$M5)/($B6-$B5),""),"null") | U5: =IFERROR(ROUND(E5,0),"null") -> 95 | V5: =IFERROR(ROUND(I5,0),"null") -> 94 | W5: =IFERROR(ROUND(M5,0),"null") -> 96 | X5: =IF(AND($A6=$A5,$U5=100,$U6=100),"fullaccesss","") | Y5: =IF(AND($A6=$A5,$V5=100,$V6=100),"fullaccesss","") | Z5: =IF(AND($A6=$A5,$W5=100,$W6=100),"fullaccesss","") | AA5: =IFERROR(IF(AND(S5<>"",T5<>""),S5-T5,""),"null") | AB5: =LOOKUP($A5,Sheet2!$A$1:$B$233) -> Europe & Central Asia
A6: Algeria | B6: 2015 | C6: 39728.02 | D6: 70.848 | E6: 93.409562 | F6: 5.1577809 | G6: 1.2754647 | H6: 0.15719289 | I6: 88.352707 | J6: 8.6857531 | K6: 2.5804318 | L6: 0.38110822 | M6: 95.490315 | N6: 3.7061173 | O6: 0.73851009 | P6: 0.065057898 | Q6: =IF(A7=A6,B7-B6,"") -> 5 | R6: =IFERROR(IF($A7=$A6,($E7-$E6)/($B7-$B6),""),"null") -> 0.20555369 | S6: =IFERROR(IF($A7=$A6,($I7-$I6)/($B7-$B6),""),"null") -> 0.33696621 | T6: =IFERROR(IF($A7=$A6,($M7-$M6)/($B7-$B6),""),"null") -> 0.10288423 | U6: =IFERROR(ROUND(E6,0),"null") -> 93 | V6: =IFERROR(ROUND(I6,0),"null") -> 88 | W6: =IFERROR(ROUND(M6,0),"null") -> 95 | X6: =IF(AND($A7=$A6,$U6=100,$U7=100),"fullaccesss","") | Y6: =IF(AND($A7=$A6,$V6=100,$V7=100),"fullaccesss","") | Z6: =IF(AND($A7=$A6,$W6=100,$W7=100),"fullaccesss","") | AA6: =IFERROR(IF(AND(S6<>"",T6<>""),S6-T6,""),"null") -> 0.23408198 | AB6: =LOOKUP($A6,Sheet2!$A$1:$B$233) -> Middle East & North Africa
A7: Algeria | B7: 2020 | C7: 43851.043 | D7: 73.733002 | E7: 94.43733 | F7: 4.9858808 | G7: 0.53183666 | H7: 0.044952533 | I7: 90.037538 | J7: 8.7967221 | K7: 0.99460303 | L7: 0.17113693 | M7: 96.004736 | N7: 3.6282886 | O7: 0.36697555 | P7: 0 | Q7: =IF(A8=A7,B8-B7,"") | R7: =IFERROR(IF($A8=$A7,($E8-$E7)/($B8-$B7),""),"null") | S7: =IFERROR(IF($A8=$A7,($I8-$I7)/($B8-$B7),""),"null") | T7: =IFERROR(IF($A8=$A7,($M8-$M7)/($B8-$B7),""),"null") | U7: =IFERROR(ROUND(E7,0),"null") -> 94 | V7: =IFERROR(ROUND(I7,0),"null") -> 90 | W7: =IFERROR(ROUND(M7,0),"null") -> 96 | X7: =IF(AND($A8=$A7,$U7=100,$U8=100),"fullaccesss","") | Y7: =IF(AND($A8=$A7,$V7=100,$V8=100),"fullaccesss","") | Z7: =IF(AND($A8=$A7,$W7=100,$W8=100),"fullaccesss","") | AA7: =IFERROR(IF(AND(S7<>"",T7<>""),S7-T7,""),"null") | AB7: =LOOKUP($A7,Sheet2!$A$1:$B$233) -> Middle East & North Africa
A8: American Samoa | B8: 2015 | C8: 55.806 | D8: 87.238007 | E8: 99.619103 | F8: 0 | G8: 0.38089685 | H8: 0 | I8: null | J8: null | K8: null | L8: null | M8: null | N8: null | O8: null | P8: null | Q8: =IF(A9=A8,B9-B8,"") -> 5 | R8: =IFERROR(IF($A9=$A8,($E9-$E8)/($B9-$B8),""),"null") -> 0.030933702 | S8: =IFERROR(IF($A9=$A8,($I9-$I8)/($B9-$B8),""),"null") -> null | T8: =IFERROR(IF($A9=$A8,($M9-$M8)/($B9-$B8),""),"null") -> null | U8: =IFERROR(ROUND(E8,0),"null") -> 100 | V8: =IFERROR(ROUND(I8,0),"null") -> null | W8: =IFERROR(ROUND(M8,0),"null") -> null | X8: =IF(AND($A9=$A8,$U8=100,$U9=100),"fullaccesss","") -> fullaccesss | Y8: =IF(AND($A9=$A8,$V8=100,$V9=100),"fullaccesss","") | Z8: =IF(AND($A9=$A8,$W8=100,$W9=100),"fullaccesss","") | AA8: =IFERROR(IF(AND(S8<>"",T8<>""),S8-T8,""),"null") -> null | AB8: =LOOKUP($A8,Sheet2!$A$1:$B$233) -> East Asia & Pacific
A9: American Samoa | B9: 2020 | C9: 55.196999 | D9: 87.153 | E9: 99.773772 | F9: 0 | G9: 0.22622834 | H9: 0 | I9: null | J9: null | K9: null | L9: null | M9: null | N9: null | O9: null | P9: null | Q9: =IF(A10=A9,B10-B9,"") | R9: =IFERROR(IF($A10=$A9,($E10-$E9)/($B10-$B9),""),"null") | S9: =IFERROR(IF($A10=$A9,($I10-$I9)/($B10-$B9),""),"null") | T9: =IFERROR(IF($A10=$A9,($M10-$M9)/($B10-$B9),""),"null") | U9: =IFERROR(ROUND(E9,0),"null") -> 100 | V9: =IFERROR(ROUND(I9,0),"null") -> null | W9: =IFERROR(ROUND(M9,0),"null") -> null | X9: =IF(AND($A10=$A9,$U9=100,$U10=100),"fullaccesss","") | Y9: =IF(AND($A10=$A9,$V9=100,$V10=100),"fullaccesss","") | Z9: =IF(AND($A10=$A9,$W9=100,$W10=100),"fullaccesss","") | AA9: =IFERROR(IF(AND(S9<>"",T9<>""),S9-T9,""),"null") | AB9: =LOOKUP($A9,Sheet2!$A$1:$B$233) -> East Asia & Pacific
A10: Andorra | B10: 2015 | C10: 77.992996 | D10: 88.344994 | E10: 99.999998 | F10: 0 | G10: 2.4455384e-06 | H10: 0 | I10: 100 | J10: 0 | K10: 0 | L10: 0 | M10: 100 | N10: 0 | O10: 0 | P10: 0 | Q10: =IF(A11=A10,B11-B10,"") -> 5 | R10: =IFERROR(IF($A11=$A10,($E11-$E10)/($B11-$B10),""),"null") -> 1.23e-06 | S10: =IFERROR(IF($A11=$A10,($I11-$I10)/($B11-$B10),""),"null") -> 0 | T10: =IFERROR(IF($A11=$A10,($M11-$M10)/($B11-$B10),""),"null") -> 0 | U10: =IFERROR(ROUND(E10,0),"null") -> 100 | V10: =IFERROR(ROUND(I10,0),"null") -> 100 | W10: =IFERROR(ROUND(M10,0),"null") -> 100 | X10: =IF(AND($A11=$A10,$U10=100,$U11=100),"fullaccesss","") -> fullaccesss | Y10: =IF(AND($A11=$A10,$V10=100,$V11=100),"fullaccesss","") -> fullaccesss | Z10: =IF(AND($A11=$A10,$W10=100,$W11=100),"fullaccesss","") -> fullaccesss | AA10: =IFERROR(IF(AND(S10<>"",T10<>""),S10-T10,""),"null") -> 0 | AB10: =LOOKUP($A10,Sheet2!$A$1:$B$233) -> Europe & Central Asia
A11: Andorra | B11: 2020 | C11: 77.264999 | D11: 87.916 | E11: 100 | F11: 0 | G11: 0 | H11: 0 | I11: 100 | J11: 0 | K11: 0 | L11: 0 | M11: 100 | N11: 0 | O11: 0 | P11: 0 | Q11: =IF(A12=A11,B12-B11,"") | R11: =IFERROR(IF($A12=$A11,($E12-$E11)/($B12-$B11),""),"null") | S11: =IFERROR(IF($A12=$A11,($I12-$I11)/($B12-$B11),""),"null") | T11: =IFERROR(IF($A12=$A11,($M12-$M11)/($B12-$B11),""),"null") | U11: =IFERROR(ROUND(E11,0),"null") -> 100 | V11: =IFERROR(ROUND(I11,0),"null") -> 100 | W11: =IFERROR(ROUND(M11,0),"null") -> 100 | X11: =IF(AND($A12=$A11,$U11=100,$U12=100),"fullaccesss","") | Y11: =IF(AND($A12=$A11,$V11=100,$V12=100),"fullaccesss","") | Z11: =IF(AND($A12=$A11,$W11=100,$W12=100),"fullaccesss","") | AA11: =IFERROR(IF(AND(S11<>"",T11<>""),S11-T11,""),"null") | AB11: =LOOKUP($A11,Sheet2!$A$1:$B$233) -> Europe & Central Asia
A12: Angola | B12: 2015 | C12: 27884.381 | D12: 63.445995 | E12: 54.316928 | F12: 11.368619 | G12: 17.372356 | H12: 16.942097 | I12: 26.714369 | J12: 9.9310693 | K12: 21.725308 | L12: 41.629254 | M12: 70.219965 | N12: 12.196853 | O12: 14.864431 | P12: 2.7187499 | Q12: =IF(A13=A12,B13-B12,"") -> 5 | R12: =IFERROR(IF($A13=$A12,($E13-$E12)/($B13-$B12),""),"null") -> 0.57016185 | S12: =IFERROR(IF($A13=$A12,($I13-$I12)/($B13-$B12),""),"null") -> 0.21877144 | T12: =IFERROR(IF($A13=$A12,($M13-$M12)/($B13-$B12),""),"null") -> 0.3046367 | U12: =IFERROR(ROUND(E12,0),"null") -> 54 | V12: =IFERROR(ROUND(I12,0),"null") -> 27 | W12: =IFERROR(ROUND(M12,0),"null") -> 70 | X12: =IF(AND($A13=$A12,$U12=100,$U13=100),"fullaccesss","") | Y12: =IF(AND($A13=$A12,$V12=100,$V13=100),"fullaccesss","") | Z12: =IF(AND($A13=$A12,$W12=100,$W13=100),"fullaccesss","") | AA12: =IFERROR(IF(AND(S12<>"",T12<>""),S12-T12,""),"null") -> -0.085865258 | AB12: =LOOKUP($A12,Sheet2!$A$1:$B$233) -> Sub-Saharan Africa
A13: Angola | B13: 2020 | C13: 32866.27 | D13: 66.824997 | E13: 57.167738 | F13: 9.2873499 | G13: 19.450825 | H13: 14.094087 | I13: 27.808227 | J13: 8.7404884 | K13: 22.933153 | L13: 40.518132 | M13: 71.743149 | N13: 9.5588375 | O13: 17.722035 | P13: 0.97597916 | Q13: =IF(A14=A13,B14-B13,"") | R13: =IFERROR(IF($A14=$A13,($E14-$E13)/($B14-$B13),""),"null") | S13: =IFERROR(IF($A14=$A13,($I14-$I13)/($B14-$B13),""),"null") | T13: =IFERROR(IF($A14=$A13,($M14-$M13)/($B14-$B13),""),"null") | U13: =IFERROR(ROUND(E13,0),"null") -> 57 | V13: =IFERROR(ROUND(I13,0),"null") -> 28 | W13: =IFERROR(ROUND(M13,0),"null") -> 72 | X13: =IF(AND($A14=$A13,$U13=100,$U14=100),"fullaccesss","") | Y13: =IF(AND($A14=$A13,$V13=100,$V14=100),"fullaccesss","") | Z13: =IF(AND($A14=$A13,$W13=100,$W14=100),"fullaccesss","") | AA13: =IFERROR(IF(AND(S13<>"",T13<>""),S13-T13,""),"null") | AB13: =LOOKUP($A13,Sheet2!$A$1:$B$233) -> Sub-Saharan Africa
A14: Anguilla | B14: 2015 | C14: 14.279 | D14: 100 | E14: 97.482274 | F14: 0 | G14: 2.5177258 | H14: 0 | I14: null | J14: null | K14: null | L14: null | M14: 97.482274 | N14: 0 | O14: 2.5177258 | P14: 0 | Q14: =IF(A15=A14,B15-B14,"") -> 2 | R14: =IFERROR(IF($A15=$A14,($E15-$E14)/($B15-$B14),""),"null") -> 0 | S14: =IFERROR(IF($A15=$A14,($I15-$I14)/($B15-$B14),""),"null") -> null | T14: =IFERROR(IF($A15=$A14,($M15-$M14)/($B15-$B14),""),"null") -> 0 | U14: =IFERROR(ROUND(E14,0),"null") -> 97 | V14: =IFERROR(ROUND(I14,0),"null") -> null | W14: =IFERROR(ROUND(M14,0),"null") -> 97 | X14: =IF(AND($A15=$A14,$U14=100,$U15=100),"fullaccesss","") | Y14: =IF(AND($A15=$A14,$V14=100,$V15=100),"fullaccesss","") | Z14: =IF(AND($A15=$A14,$W14=100,$W15=100),"fullaccesss","") | AA14: =IFERROR(IF(AND(S14<>"",T14<>""),S14-T14,""),"null") -> null | AB14: =LOOKUP($A14,Sheet2!$A$1:$B$233) -> Latin America & Caribbean
A15: Anguilla | B15: 2017 | C15: 14.588 | D15: 100 | E15: 97.482274 | F15: 0 | G15: 2.5177258 | H15: 0 | I15: null | J15: null | K15: null | L15: null | M15: 97.482274 | N15: 0 | O15: 2.5177258 | P15: 0 | Q15: =IF(A16=A15,B16-B15,"") | R15: =IFERROR(IF($A16=$A15,($E16-$E15)/($B16-$B15),""),"null") | S15: =IFERROR(IF($A16=$A15,($I16-$I15)/($B16-$B15),""),"null") | T15: =IFERROR(IF($A16=$A15,($M16-$M15)/($B16-$B15),""),"null") | U15: =IFERROR(ROUND(E15,0),"null") -> 97 | V15: =IFERROR(ROUND(I15,0),"null") -> null | W15: =IFERROR(ROUND(M15,0),"null") -> 97 | X15: =IF(AND($A16=$A15,$U15=100,$U16=100),"fullaccesss","") | Y15: =IF(AND($A16=$A15,$V15=100,$V16=100),"fullaccesss","") | Z15: =IF(AND($A16=$A15,$W15=100,$W16=100),"fullaccesss","") | AA15: =IFERROR(IF(AND(S15<>"",T15<>""),S15-T15,""),"null") | AB15: =LOOKUP($A15,Sheet2!$A$1:$B$233) -> Latin America & Caribbean
A16: Antigua and Barbuda | B16: 2015 | C16: 93.570999 | D16: 25 | E16: 96.739186 | F16: 0 | G16: 3.1663476 | H16: 0.094466114 | I16: null | J16: null | K16: null | L16: null | M16: null | N16: null | O16: null | P16: null | Q16: =IF(A17=A16,B17-B16,"") -> 2 | R16: =IFERROR(IF($A17=$A16,($E17-$E16)/($B17-$B16),""),"null") -> 0 | S16: =IFERROR(IF($A17=$A16,($I17-$I16)/($B17-$B16),""),"null") -> null | T16: =IFERROR(IF($A17=$A16,($M17-$M16)/($B17-$B16),""),"null") -> null | U16: =IFERROR(ROUND(E16,0),"null") -> 97 | V16: =IFERROR(ROUND(I16,0),"null") -> null | W16: =IFERROR(ROUND(M16,0),"null") -> null | X16: =IF(AND($A17=$A16,$U16=100,$U17=100),"fullaccesss","") | Y16: =IF(AND($A17=$A16,$V16=100,$V17=100),"fullaccesss","") | Z16: =IF(AND($A17=$A16,$W16=100,$W17=100),"fullaccesss","") | AA16: =IFERROR(IF(AND(S16<>"",T16<>""),S16-T16,""),"null") -> null | AB16: =LOOKUP($A16,Sheet2!$A$1:$B$233) -> Latin America & Caribbean
A17: Antigua and Barbuda | B17: 2017 | C17: 95.425003 | D17: 24.713001 | E17: 96.739186 | F17: 0 | G17: 3.1663476 | H17: 0.094466114 | I17: null | J17: null | K17: null | L17: null | M17: null | N17: null | O17: null | P17: null | Q17: =IF(A18=A17,B18-B17,"") | R17: =IFERROR(IF($A18=$A17,($E18-$E17)/($B18-$B17),""),"null") | S17: =IFERROR(IF($A18=$A17,($I18-$I17)/($B18-$B17),""),"null") | T17: =IFERROR(IF($A18=$A17,($M18-$M17)/($B18-$B17),""),"null") | U17: =IFERROR(ROUND(E17,0),"null") -> 97 | V17: =IFERROR(ROUND(I17,0),"null") -> null | W17: =IFERROR(ROUND(M17,0),"null") -> null | X17: =IF(AND($A18=$A17,$U17=100,$U18=100),"fullaccesss","") | Y17: =IF(AND($A18=$A17,$V17=100,$V18=100),"fullaccesss","") | Z17: =IF(AND($A18=$A17,$W17=100,$W18=100),"fullaccesss","") | AA17: =IFERROR(IF(AND(S17<>"",T17<>""),S17-T17,""),"null") | AB17: =LOOKUP($A17,Sheet2!$A$1:$B$233) -> Latin America & Caribbean
A18: Argentina | B18: 2015 | C18: 43075.414 | D18: 91.502998 | E18: 98.966588 | F18: 0 | G18: 0.66491438 | H18: 0.36849747 | I18: 92.98366 | J18: 0 | K18: 2.6795449 | L18: 4.3367951 | M18: 99.522163 | N18: 0 | O18: 0.47783695 | P18: 0 | Q18: =IF(A19=A18,B19-B18,"") -> 5 | R18: =IFERROR(IF($A19=$A18,($E19-$E18)/($B19-$B18),""),"null") -> null | S18: =IFERROR(IF($A19=$A18,($I19-$I18)/($B19-$B18),""),"null") -> null | T18: =IFERROR(IF($A19=$A18,($M19-$M18)/($B19-$B18),""),"null") -> 0.05365152 | U18: =IFERROR(ROUND(E18,0),"null") -> 99 | V18: =IFERROR(ROUND(I18,0),"null") -> 93 | W18: =IFERROR(ROUND(M18,0),"null") -> 100 | X18: =IF(AND($A19=$A18,$U18=100,$U19=100),"fullaccesss","") | Y18: =IF(AND($A19=$A18,$V18=100,$V19=100),"fullaccesss","") | Z18: =IF(AND($A19=$A18,$W18=100,$W19=100),"fullaccesss","") -> fullaccesss | AA18: =IFERROR(IF(AND(S18<>"",T18<>""),S18-T18,""),"null") -> null | AB18: =LOOKUP($A18,Sheet2!$A$1:$B$233) -> Latin America & Caribbean
A19: Argentina | B19: 2020 | C19: 45195.777 | D19: 92.111 | E19: null | F19: null | G19: null | H19: null | I19: null | J19: null | K19: null | L19: null | M19: 99.790421 | N19: 0 | O19: 0.20957935 | P19: 0 | Q19: =IF(A20=A19,B20-B19,"") | R19: =IFERROR(IF($A20=$A19,($E20-$E19)/($B20-$B19),""),"null") | S19: =IFERROR(IF($A20=$A19,($I20-$I19)/($B20-$B19),""),"null") | T19: =IFERROR(IF($A20=$A19,($M20-$M19)/($B20-$B19),""),"null") | U19: =IFERROR(ROUND(E19,0),"null") -> null | V19: =IFERROR(ROUND(I19,0),"null") -> null | W19: =IFERROR(ROUND(M19,0),"null") -> 100 | X19: =IF(AND($A20=$A19,$U19=100,$U20=100),"fullaccesss","") | Y19: =IF(AND($A20=$A19,$V19=100,$V20=100),"fullaccesss","") | Z19: =IF(AND($A20=$A19,$W19=100,$W20=100),"fullaccesss","") | AA19: =IFERROR(IF(AND(S19<>"",T19<>""),S19-T19,""),"null") | AB19: =LOOKUP($A19,Sheet2!$A$1:$B$233) -> Latin America & Caribbean
A20: Armenia | B20: 2015 | C20: 2925.5591 | D20: 63.085003 | E20: 99.552567 | F20: 0 | G20: 0.098505084 | H20: 0.34892822 | I20: 99.054779 | J20: 0 | K20: 0 | L20: 0.94522073 | M20: 99.843853 | N20: 0 | O20: 0.1561466 | P20: 0 | Q20: =IF(A21=A20,B21-B20,"") -> 5 | R20: =IFERROR(IF($A21=$A20,($E21-$E20)/($B21-$B20),""),"null") -> 0.083722798 | S20: =IFERROR(IF($A21=$A20,($I21-$I20)/($B21-$B20),""),"null") -> 0.18904415 | T20: =IFERROR(IF($A21=$A20,($M21-$M20)/($B21-$B20),""),"null") -> 0.022125564 | U20: =IFERROR(ROUND(E20,0),"null") -> 100 | V20: =IFERROR(ROUND(I20,0),"null") -> 99 | W20: =IFERROR(ROUND(M20,0),"null") -> 100 | X20: =IF(AND($A21=$A20,$U20=100,$U21=100),"fullaccesss","") -> fullaccesss | Y20: =IF(AND($A21=$A20,$V20=100,$V21=100),"fullaccesss","") | Z20: =IF(AND($A21=$A20,$W20=100,$W21=100),"fullaccesss","") -> fullaccesss | AA20: =IFERROR(IF(AND(S20<>"",T20<>""),S20-T20,""),"null") -> 0.16691858 | AB20: =LOOKUP($A20,Sheet2!$A$1:$B$233) -> Europe & Central Asia
A21: Armenia | B21: 2020 | C21: 2963.2339 | D21: 63.313 | E21: 99.971181 | F21: 0 | G21: 0.028819308 | H21: 0 | I21: 100 | J21: 0 | K21: 0 | L21: 0 | M21: 99.954481 | N21: 0 | O21: 0.045518784 | P21: 0 | Q21: =IF(A22=A21,B22-B21,"") | R21: =IFERROR(IF($A22=$A21,($E22-$E21)/($B22-$B21),""),"null") | S21: =IFERROR(IF($A22=$A21,($I22-$I21)/($B22-$B21),""),"null") | T21: =IFERROR(IF($A22=$A21,($M22-$M21)/($B22-$B21),""),"null") | U21: =IFERROR(ROUND(E21,0),"null") -> 100 | V21: =IFERROR(ROUND(I21,0),"null") -> 100 | W21: =IFERROR(ROUND(M21,0),"null") -> 100 | X21: =IF(AND($A22=$A21,$U21=100,$U22=100),"fullaccesss","") | Y21: =IF(AND($A22=$A21,$V21=100,$V22=100),"fullaccesss","") | Z21: =IF(AND($A22=$A21,$W21=100,$W22=100),"fullaccesss","") | AA21: =IFERROR(IF(AND(S21<>"",T21<>""),S21-T21,""),"null") | AB21: =LOOKUP($A21,Sheet2!$A$1:$B$233) -> Europe & Central Asia
A22: Aruba | B22: 2015 | C22: 104.339 | D22: 43.108002 | E22: 97.869023 | F22: 0 | G22: 1.9599362 | H22: 0.17104041 | I22: null | J22: null | K22: null | L22: null | M22: null | N22: null | O22: null | P22: null | Q22: =IF(A23=A22,B23-B22,"") -> 1 | R22: =IFERROR(IF($A23=$A22,($E23-$E22)/($B23-$B22),""),"null") -> 0 | S22: =IFERROR(IF($A23=$A22,($I23-$I22)/($B23-$B22),""),"null") -> null | T22: =IFERROR(IF($A23=$A22,($M23-$M22)/($B23-$B22),""),"null") -> null | U22: =IFERROR(ROUND(E22,0),"null") -> 98 | V22: =IFERROR(ROUND(I22,0),"null") -> null | W22: =IFERROR(ROUND(M22,0),"null") -> null | X22: =IF(AND($A23=$A22,$U22=100,$U23=100),"fullaccesss","") | Y22: =IF(AND($A23=$A22,$V22=100,$V23=100),"fullaccesss","") | Z22: =IF(AND($A23=$A22,$W22=100,$W23=100),"fullaccesss","") | AA22: =IFERROR(IF(AND(S22<>"",T22<>""),S22-T22,""),"null") -> null | AB22: =LOOKUP($A22,Sheet2!$A$1:$B$233) -> Latin America & Caribbean
A23: Aruba | B23: 2016 | C23: 104.865 | D23: 43.191998 | E23: 97.869023 | F23: 0 | G23: 1.9599362 | H23: 0.17104041 | I23: null | J23: null | K23: null | L23: null | M23: null | N23: null | O23: null | P23: null | Q23: =IF(A24=A23,B24-B23,"") | R23: =IFERROR(IF($A24=$A23,($E24-$E23)/($B24-$B23),""),"null") | S23: =IFERROR(IF($A24=$A23,($I24-$I23)/($B24-$B23),""),"null") | T23: =IFERROR(IF($A24=$A23,($M24-$M23)/($B24-$B23),""),"null") | U23: =IFERROR(ROUND(E23,0),"null") -> 98 | V23: =IFERROR(ROUND(I23,0),"null") -> null | W23: =IFERROR(ROUND(M23,0),"null") -> null | X23: =IF(AND($A24=$A23,$U23=100,$U24=100),"fullaccesss","") | Y23: =IF(AND($A24=$A23,$V23=100,$V24=100),"fullaccesss","") | Z23: =IF(AND($A24=$A23,$W23=100,$W24=100),"fullaccesss","") | AA23: =IFERROR(IF(AND(S23<>"",T23<>""),S23-T23,""),"null") | AB23: =LOOKUP($A23,Sheet2!$A$1:$B$233) -> Latin America & Caribbean
A24: Australia | B24: 2015 | C24: 23932.498 | D24: 85.701004 | E24: 99.970006 | F24: 0 | G24: 0.029994331 | H24: 0 | I24: 100 | J24: 0 | K24: 0 | L24: 0 | M24: 99.965 | N24: 0 | O24: 0.035 | P24: 0 | Q24: =IF(A25=A24,B25-B24,"") -> 5 | R24: =IFERROR(IF($A25=$A24,($E25-$E24)/($B25-$B24),""),"null") -> -3.877e-05 | S24: =IFERROR(IF($A25=$A24,($I25-$I24)/($B25-$B24),""),"null") -> 0 | T24: =IFERROR(IF($A25=$A24,($M25-$M24)/($B25-$B24),""),"null") -> 0 | U24: =IFERROR(ROUND(E24,0),"null") -> 100 | V24: =IFERROR(ROUND(I24,0),"null") -> 100 | W24: =IFERROR(ROUND(M24,0),"null") -> 100 | X24: =IF(AND($A25=$A24,$U24=100,$U25=100),"fullaccesss","") -> fullaccesss | Y24: =IF(AND($A25=$A24,$V24=100,$V25=100),"fullaccesss","") -> fullaccesss | Z24: =IF(AND($A25=$A24,$W24=100,$W25=100),"fullaccesss","") -> fullaccesss | AA24: =IFERROR(IF(AND(S24<>"",T24<>""),S24-T24,""),"null") -> 0 | AB24: =LOOKUP($A24,Sheet2!$A$1:$B$233) -> East Asia & Pacific
A25: Australia | B25: 2020 | C25: 25499.881 | D25: 86.240997 | E25: 99.969812 | F25: 0 | G25: 0.030188179 | H25: 0 | I25: 100 | J25: 0 | K25: 0 | L25: 0 | M25: 99.965 | N25: 0 | O25: 0.035 | P25: 0 | Q25: =IF(A26=A25,B26-B25,"") | R25: =IFERROR(IF($A26=$A25,($E26-$E25)/($B26-$B25),""),"null") | S25: =IFERROR(IF($A26=$A25,($I26-$I25)/($B26-$B25),""),"null") | T25: =IFERROR(IF($A26=$A25,($M26-$M25)/($B26-$B25),""),"null") | U25: =IFERROR(ROUND(E25,0),"null") -> 100 | V25: =IFERROR(ROUND(I25,0),"null") -> 100 | W25: =IFERROR(ROUND(M25,0),"null") -> 100 | X25: =IF(AND($A26=$A25,$U25=100,$U26=100),"fullaccesss","") | Y25: =IF(AND($A26=$A25,$V25=100,$V26=100),"fullaccesss","") | Z25: =IF(AND($A26=$A25,$W25=100,$W26=100),"fullaccesss","") | AA25: =IFERROR(IF(AND(S25<>"",T25<>""),S25-T25,""),"null") | AB25: =LOOKUP($A25,Sheet2!$A$1:$B$233) -> East Asia & Pacific
A26: Austria | B26: 2015 | C26: 8678.667 | D26: 57.715 | E26: 100 | F26: 0 | G26: 0 | H26: 0 | I26: 100 | J26: 0 | K26: 0 | L26: 0 | M26: 100 | N26: 0 | O26: 0 | P26: 0 | Q26: =IF(A27=A26,B27-B26,"") -> 5 | R26: =IFERROR(IF($A27=$A26,($E27-$E26)/($B27-$B26),""),"null") -> 0 | S26: =IFERROR(IF($A27=$A26,($I27-$I26)/($B27-$B26),""),"null") -> 0 | T26: =IFERROR(IF($A27=$A26,($M27-$M26)/($B27-$B26),""),"null") -> 0 | U26: =IFERROR(ROUND(E26,0),"null") -> 100 | V26: =IFERROR(ROUND(I26,0),"null") -> 100 | W26: =IFERROR(ROUND(M26,0),"null") -> 100 | X26: =IF(AND($A27=$A26,$U26=100,$U27=100),"fullaccesss","") -> fullaccesss | Y26: =IF(AND($A27=$A26,$V26=100,$V27=100),"fullaccesss","") -> fullaccesss | Z26: =IF(AND($A27=$A26,$W26=100,$W27=100),"fullaccesss","") -> fullaccesss | AA26: =IFERROR(IF(AND(S26<>"",T26<>""),S26-T26,""),"null") -> 0 | AB26: =LOOKUP($A26,Sheet2!$A$1:$B$233) -> Europe & Central Asia
A27: Austria | B27: 2020 | C27: 9006.4004 | D27: 58.748001 | E27: 100 | F27: 0 | G27: 0 | H27: 0 | I27: 100 | J27: 0 | K27: 0 | L27: 0 | M27: 100 | N27: 0 | O27: 0 | P27: 0 | Q27: =IF(A28=A27,B28-B27,"") | R27: =IFERROR(IF($A28=$A27,($E28-$E27)/($B28-$B27),""),"null") | S27: =IFERROR(IF($A28=$A27,($I28-$I27)/($B28-$B27),""),"null") | T27: =IFERROR(IF($A28=$A27,($M28-$M27)/($B28-$B27),""),"null") | U27: =IFERROR(ROUND(E27,0),"null") -> 100 | V27: =IFERROR(ROUND(I27,0),"null") -> 100 | W27: =IFERROR(ROUND(M27,0),"null") -> 100 | X27: =IF(AND($A28=$A27,$U27=100,$U28=100),"fullaccesss","") | Y27: =IF(AND($A28=$A27,$V27=100,$V28=100),"fullaccesss","") | Z27: =IF(AND($A28=$A27,$W27=100,$W28=100),"fullaccesss","") | AA27: =IFERROR(IF(AND(S27<>"",T27<>""),S27-T27,""),"null") | AB27: =LOOKUP($A27,Sheet2!$A$1:$B$233) -> Europe & Central Asia
A28: Azerbaijan | B28: 2015 | C28: 9622.7412 | D28: 54.714001 | E28: 92.420314 | F28: 1.0022424 | G28: 4.3650895 | H28: 2.2123541 | I28: 84.143213 | J28: 2.2131397 | K28: 8.988206 | L28: 4.655441 | M28: 99.271152 | N28: 0 | O28: 0.53860203 | P28: 0.19024593 | Q28: =IF(A29=A28,B29-B28,"") -> 5 | R28: =IFERROR(IF($A29=$A28,($E29-$E28)/($B29-$B28),""),"null") -> 0.72461243 | S28: =IFERROR(IF($A29=$A28,($I29-$I28)/($B29-$B28),""),"null") -> 1.3565169 | T28: =IFERROR(IF($A29=$A28,($M29-$M28)/($B29-$B28),""),"null") -> 0.14576959 | U28: =IFERROR(ROUND(E28,0),"null") -> 92 | V28: =IFERROR(ROUND(I28,0),"null") -> 84 | W28: =IFERROR(ROUND(M28,0),"null") -> 99 | X28: =IF(AND($A29=$A28,$U28=100,$U29=100),"fullaccesss","") | Y28: =IF(AND($A29=$A28,$V28=100,$V29=100),"fullaccesss","") | Z28: =IF(AND($A29=$A28,$W28=100,$W29=100),"fullaccesss","") | AA28: =IFERROR(IF(AND(S28<>"",T28<>""),S28-T28,""),"null") -> 1.2107473 | AB28: =LOOKUP($A28,Sheet2!$A$1:$B$233) -> Europe & Central Asia
A29: Azerbaijan | B29: 2020 | C29: 10139.175 | D29: 56.397003 | E29: 96.043376 | F29: 1.0427812 | G29: 2.9138427 | H29: 0 | I29: 90.925798 | J29: 2.3915357 | K29: 6.6826664 | L29: 0 | M29: 100 | N29: 0 | O29: 0 | P29: 0 | Q29: =IF(A30=A29,B30-B29,"") | R29: =IFERROR(IF($A30=$A29,($E30-$E29)/($B30-$B29),""),"null") | S29: =IFERROR(IF($A30=$A29,($I30-$I29)/($B30-$B29),""),"null") | T29: =IFERROR(IF($A30=$A29,($M30-$M29)/($B30-$B29),""),"null") | U29: =IFERROR(ROUND(E29,0),"null") -> 96 | V29: =IFERROR(ROUND(I29,0),"null") -> 91 | W29: =IFERROR(ROUND(M29,0),"null") -> 100 | X29: =IF(AND($A30=$A29,$U29=100,$U30=100),"fullaccesss","") | Y29: =IF(AND($A30=$A29,$V29=100,$V30=100),"fullaccesss","") | Z29: =IF(AND($A30=$A29,$W29=100,$W30=100),"fullaccesss","") | AA29: =IFERROR(IF(AND(S29<>"",T29<>""),S29-T29,""),"null") | AB29: =LOOKUP($A29,Sheet2!$A$1:$B$233) -> Europe & Central Asia
A30: Bahamas | B30: 2015 | C30: 374.20001 | D30: 82.745995 | E30: 98.886961 | F30: 0 | G30: 1.1130395 | H30: 0 | I30: null | J30: null | K30: null | L30: null | M30: null | N30: null | O30: null | P30: null | Q30: =IF(A31=A30,B31-B30,"") -> 4 | R30: =IFERROR(IF($A31=$A30,($E31-$E30)/($B31-$B30),""),"null") -> 0 | S30: =IFERROR(IF($A31=$A30,($I31-$I30)/($B31-$B30),""),"null") -> null | T30: =IFERROR(IF($A31=$A30,($M31-$M30)/($B31-$B30),""),"null") -> null | U30: =IFERROR(ROUND(E30,0),"null") -> 99 | V30: =IFERROR(ROUND(I30,0),"null") -> null | W30: =IFERROR(ROUND(M30,0),"null") -> null | X30: =IF(AND($A31=$A30,$U30=100,$U31=100),"fullaccesss","") | Y30: =IF(AND($A31=$A30,$V30=100,$V31=100),"fullaccesss","") | Z30: =IF(AND($A31=$A30,$W30=100,$W31=100),"fullaccesss","") | AA30: =IFERROR(IF(AND(S30<>"",T30<>""),S30-T30,""),"null") -> null | AB30: =LOOKUP($A30,Sheet2!$A$1:$B$233) -> Latin America & Caribbean
A31: Bahamas | B31: 2019 | C31: 389.48599 | D31: 83.131996 | E31: 98.886961 | F31: 0 | G31: 1.1130395 | H31: 0 | I31: null | J31: null | K31: null | L31: null | M31: null | N31: null | O31: null | P31: null | Q31: =IF(A32=A31,B32-B31,"") | R31: =IFERROR(IF($A32=$A31,($E32-$E31)/($B32-$B31),""),"null") | S31: =IFERROR(IF($A32=$A31,($I32-$I31)/($B32-$B31),""),"null") | T31: =IFERROR(IF($A32=$A31,($M32-$M31)/($B32-$B31),""),"null") | U31: =IFERROR(ROUND(E31,0),"null") -> 99 | V31: =IFERROR(ROUND(I31,0),"null") -> null | W31: =IFERROR(ROUND(M31,0),"null") -> null | X31: =IF(AND($A32=$A31,$U31=100,$U32=100),"fullaccesss","") | Y31: =IF(AND($A32=$A31,$V31=100,$V32=100),"fullaccesss","") | Z31: =IF(AND($A32=$A31,$W31=100,$W32=100),"fullaccesss","") | AA31: =IFERROR(IF(AND(S31<>"",T31<>""),S31-T31,""),"null") | AB31: =LOOKUP($A31,Sheet2!$A$1:$B$233) -> Latin America & Caribbean
A32: Bahrain | B32: 2015 | C32: 1371.853 | D32: 88.998993 | E32: 100 | F32: 0 | G32: 0 | H32: 0 | I32: null | J32: null | K32: null | L32: null | M32: null | N32: null | O32: null | P32: null | Q32: =IF(A33=A32,B33-B32,"") -> 5 | R32: =IFERROR(IF($A33=$A32,($E33-$E32)/($B33-$B32),""),"null") -> 0 | S32: =IFERROR(IF($A33=$A32,($I33-$I32)/($B33-$B32),""),"null") -> null | T32: =IFERROR(IF($A33=$A32,($M33-$M32)/($B33-$B32),""),"null") -> null | U32: =IFERROR(ROUND(E32,0),"null") -> 100 | V32: =IFERROR(ROUND(I32,0),"null") -> null | W32: =IFERROR(ROUND(M32,0),"null") -> null | X32: =IF(AND($A33=$A32,$U32=100,$U33=100),"fullaccesss","") -> fullaccesss | Y32: =IF(AND($A33=$A32,$V32=100,$V33=100),"fullaccesss","") | Z32: =IF(AND($A33=$A32,$W32=100,$W33=100),"fullaccesss","") | AA32: =IFERROR(IF(AND(S32<>"",T32<>""),S32-T32,""),"null") -> null | AB32: =LOOKUP($A32,Sheet2!$A$1:$B$233) -> Europe & Central Asia
A33: Bahrain | B33: 2020 | C33: 1701.583 | D33: 89.506004 | E33: 100 | F33: 0 | G33: 0 | H33: 0 | I33: null | J33: null | K33: null | L33: null | M33: null | N33: null | O33: null | P33: null | Q33: =IF(A34=A33,B34-B33,"") | R33: =IFERROR(IF($A34=$A33,($E34-$E33)/($B34-$B33),""),"null") | S33: =IFERROR(IF($A34=$A33,($I34-$I33)/($B34-$B33),""),"null") | T33: =IFERROR(IF($A34=$A33,($M34-$M33)/($B34-$B33),""),"null") | U33: =IFERROR(ROUND(E33,0),"null") -> 100 | V33: =IFERROR(ROUND(I33,0),"null") -> null | W33: =IFERROR(ROUND(M33,0),"null") -> null | X33: =IF(AND($A34=$A33,$U33=100,$U34=100),"fullaccesss","") | Y33: =IF(AND($A34=$A33,$V33=100,$V34=100),"fullaccesss","") | Z33: =IF(AND($A34=$A33,$W33=100,$W34=100),"fullaccesss","") | AA33: =IFERROR(IF(AND(S33<>"",T33<>""),S33-T33,""),"null") | AB33: =LOOKUP($A33,Sheet2!$A$1:$B$233) -> Europe & Central Asia
A34: Bangladesh | B34: 2015 | C34: 156256.28 | D34: 34.308002 | E34: 97.101602 | F34: 1.087989 | G34: 0.72156166 | H34: 1.0888469 | I34: 96.773011 | J34: 1.0462142 | K34: 0.73174732 | L34: 1.4490272 | M34: 97.73078 | N34: 1.1679782 | O34: 0.70205843 | P34: 0.39918371 | Q34: =IF(A35=A34,B35-B34,"") -> 5 | R34: =IFERROR(IF($A35=$A34,($E35-$E34)/($B35-$B34),""),"null") -> 0.11927156 | S34: =IFERROR(IF($A35=$A34,($I35-$I34)/($B35-$B34),""),"null") -> 0.2214453 | T34: =IFERROR(IF($A35=$A34,($M35-$M34)/($B35-$B34),""),"null") -> -0.065600342 | U34: =IFERROR(ROUND(E34,0),"null") -> 97 | V34: =IFERROR(ROUND(I34,0),"null") -> 97 | W34: =IFERROR(ROUND(M34,0),"null") -> 98 | X34: =IF(AND($A35=$A34,$U34=100,$U35=100),"fullaccesss","") | Y34: =IF(AND($A35=$A34,$V34=100,$V35=100),"fullaccesss","") | Z34: =IF(AND($A35=$A34,$W34=100,$W35=100),"fullaccesss","") | AA34: =IFERROR(IF(AND(S34<>"",T34<>""),S34-T34,""),"null") -> 0.28704564 | AB34: =LOOKUP($A34,Sheet2!$A$1:$B$233) -> South Asia
A35: Bangladesh | B35: 2020 | C35: 164689.39 | D35: 38.177002 | E35: 97.69796 | F35: 1.1564259 | G35: 0.4626557 | H35: 0.68295817 | I35: 97.880238 | J35: 0.85810498 | K35: 0.31648024 | L35: 0.94517702 | M35: 97.402778 | N35: 1.6395201 | O35: 0.69937521 | P35: 0.25832669 | Q35: =IF(A36=A35,B36-B35,"") | R35: =IFERROR(IF($A36=$A35,($E36-$E35)/($B36-$B35),""),"null") | S35: =IFERROR(IF($A36=$A35,($I36-$I35)/($B36-$B35),""),"null") | T35: =IFERROR(IF($A36=$A35,($M36-$M35)/($B36-$B35),""),"null") | U35: =IFERROR(ROUND(E35,0),"null") -> 98 | V35: =IFERROR(ROUND(I35,0),"null") -> 98 | W35: =IFERROR(ROUND(M35,0),"null") -> 97 | X35: =IF(AND($A36=$A35,$U35=100,$U36=100),"fullaccesss","") | Y35: =IF(AND($A36=$A35,$V35=100,$V36=100),"fullaccesss","") | Z35: =IF(AND($A36=$A35,$W35=100,$W36=100),"fullaccesss","") | AA35: =IFERROR(IF(AND(S35<>"",T35<>""),S35-T35,""),"null") | AB35: =LOOKUP($A35,Sheet2!$A$1:$B$233) -> South Asia
A36: Barbados | B36: 2015 | C36: 285.327 | D36: 31.248999 | E36: 98.474445 | F36: 0.26749191 | G36: 1.2580634 | H36: 0 | I36: null | J36: null | K36: null | L36: null | M36: null | N36: null | O36: null | P36: null | Q36: =IF(A37=A36,B37-B36,"") -> 5 | R36: =IFERROR(IF($A37=$A36,($E37-$E36)/($B37-$B36),""),"null") -> 0.008001136 | S36: =IFERROR(IF($A37=$A36,($I37-$I36)/($B37-$B36),""),"null") -> null | T36: =IFERROR(IF($A37=$A36,($M37-$M36)/($B37-$B36),""),"null") -> null | U36: =IFERROR(ROUND(E36,0),"null") -> 98 | V36: =IFERROR(ROUND(I36,0),"null") -> null | W36: =IFERROR(ROUND(M36,0),"null") -> null | X36: =IF(AND($A37=$A36,$U36=100,$U37=100),"fullaccesss","") | Y36: =IF(AND($A37=$A36,$V36=100,$V37=100),"fullaccesss","") | Z36: =IF(AND($A37=$A36,$W36=100,$W37=100),"fullaccesss","") | AA36: =IFERROR(IF(AND(S36<>"",T36<>""),S36-T36,""),"null") -> null | AB36: =LOOKUP($A36,Sheet2!$A$1:$B$233) -> Latin America & Caribbean
A37: Barbados | B37: 2020 | C37: 287.371 | D37: 31.191 | E37: 98.51445 | F37: 0.26760058 | G37: 1.217949 | H37: 0 | I37: null | J37: null | K37: null | L37: null | M37: null | N37: null | O37: null | P37: null | Q37: =IF(A38=A37,B38-B37,"") | R37: =IFERROR(IF($A38=$A37,($E38-$E37)/($B38-$B37),""),"null") | S37: =IFERROR(IF($A38=$A37,($I38-$I37)/($B38-$B37),""),"null") | T37: =IFERROR(IF($A38=$A37,($M38-$M37)/($B38-$B37),""),"null") | U37: =IFERROR(ROUND(E37,0),"null") -> 99 | V37: =IFERROR(ROUND(I37,0),"null") -> null | W37: =IFERROR(ROUND(M37,0),"null") -> null | X37: =IF(AND($A38=$A37,$U37=100,$U38=100),"fullaccesss","") | Y37: =IF(AND($A38=$A37,$V37=100,$V38=100),"fullaccesss","") | Z37: =IF(AND($A38=$A37,$W37=100,$W38=100),"fullaccesss","") | AA37: =IFERROR(IF(AND(S37<>"",T37<>""),S37-T37,""),"null") | AB37: =LOOKUP($A37,Sheet2!$A$1:$B$233) -> Latin America & Caribbean
A38: Belarus | B38: 2015 | C38: 9439.4238 | D38: 77.181 | E38: 96.477067 | F38: 3.3001301 | G38: 0.2228028 | H38: 0 | I38: 98.330672 | J38: 0.99323911 | K38: 0.67608929 | L38: 0 | M38: 95.929035 | N38: 3.9821754 | O38: 0.088789424 | P38: 0 | Q38: =IF(A39=A38,B39-B38,"") -> 5 | R38: =IFERROR(IF($A39=$A38,($E39-$E38)/($B39-$B38),""),"null") -> 0.011531798 | S38: =IFERROR(IF($A39=$A38,($I39-$I38)/($B39-$B38),""),"null") -> 0.046690142 | T38: =IFERROR(IF($A39=$A38,($M39-$M38)/($B39-$B38),""),"null") -> 0.016367688 | U38: =IFERROR(ROUND(E38,0),"null") -> 96 | V38: =IFERROR(ROUND(I38,0),"null") -> 98 | W38: =IFERROR(ROUND(M38,0),"null") -> 96 | X38: =IF(AND($A39=$A38,$U38=100,$U39=100),"fullaccesss","") | Y38: =IF(AND($A39=$A38,$V38=100,$V39=100),"fullaccesss","") | Z38: =IF(AND($A39=$A38,$W38=100,$W39=100),"fullaccesss","") | AA38: =IFERROR(IF(AND(S38<>"",T38<>""),S38-T38,""),"null") -> 0.030322454 | AB38: =LOOKUP($A38,Sheet2!$A$1:$B$233) -> Europe & Central Asia
A39: Belarus | B39: 2020 | C39: 9449.3213 | D39: 79.483002 | E39: 96.534726 | F39: 3.3721195 | G39: 0.093154368 | H39: 0 | I39: 98.564122 | J39: 0.9955972 | K39: 0.44028049 | L39: 0 | M39: 96.010874 | N39: 3.9855726 | O39: 0.003553732 | P39: 0 | Q39: =IF(A40=A39,B40-B39,"") | R39: =IFERROR(IF($A40=$A39,($E40-$E39)/($B40-$B39),""),"null") | S39: =IFERROR(IF($A40=$A39,($I40-$I39)/($B40-$B39),""),"null") | T39: =IFERROR(IF($A40=$A39,($M40-$M39)/($B40-$B39),""),"null") | U39: =IFERROR(ROUND(E39,0),"null") -> 97 | V39: =IFERROR(ROUND(I39,0),"null") -> 99 | W39: =IFERROR(ROUND(M39,0),"null") -> 96 | X39: =IF(AND($A40=$A39,$U39=100,$U40=100),"fullaccesss","") | Y39: =IF(AND($A40=$A39,$V39=100,$V40=100),"fullaccesss","") | Z39: =IF(AND($A40=$A39,$W39=100,$W40=100),"fullaccesss","") | AA39: =IFERROR(IF(AND(S39<>"",T39<>""),S39-T39,""),"null") | AB39: =LOOKUP($A39,Sheet2!$A$1:$B$233) -> Europe & Central Asia
A40: Belgium | B40: 2015 | C40: 11287.931 | D40: 97.875999 | E40: 99.999998 | F40: 0 | G40: 2.2980245e-06 | H40: 0 | I40: 100 | J40: 0 | K40: 0 | L40: 0 | M40: 100 | N40: 0 | O40: 0 | P40: 0 | Q40: =IF(A41=A40,B41-B40,"") -> 5 | R40: =IFERROR(IF($A41=$A40,($E41-$E40)/($B41-$B40),""),"null") -> -2.5e-07 | S40: =IFERROR(IF($A41=$A40,($I41-$I40)/($B41-$B40),""),"null") -> 0 | T40: =IFERROR(IF($A41=$A40,($M41-$M40)/($B41-$B40),""),"null") -> 0 | U40: =IFERROR(ROUND(E40,0),"null") -> 100 | V40: =IFERROR(ROUND(I40,0),"null") -> 100 | W40: =IFERROR(ROUND(M40,0),"null") -> 100 | X40: =IF(AND($A41=$A40,$U40=100,$U41=100),"fullaccesss","") -> fullaccesss | Y40: =IF(AND($A41=$A40,$V40=100,$V41=100),"fullaccesss","") -> fullaccesss | Z40: =IF(AND($A41=$A40,$W40=100,$W41=100),"fullaccesss","") -> fullaccesss | AA40: =IFERROR(IF(AND(S40<>"",T40<>""),S40-T40,""),"null") -> 0 | AB40: =LOOKUP($A40,Sheet2!$A$1:$B$233) -> Europe & Central Asia
A41: Belgium | B41: 2020 | C41: 11589.616 | D41: 98.078995 | E41: 99.999996 | F41: 0 | G41: 3.5547968e-06 | H41: 0 | I41: 100 | J41: 0 | K41: 0 | L41: 0 | M41: 100 | N41: 0 | O41: 0 | P41: 0 | Q41: =IF(A42=A41,B42-B41,"") | R41: =IFERROR(IF($A42=$A41,($E42-$E41)/($B42-$B41),""),"null") | S41: =IFERROR(IF($A42=$A41,($I42-$I41)/($B42-$B41),""),"null") | T41: =IFERROR(IF($A42=$A41,($M42-$M41)/($B42-$B41),""),"null") | U41: =IFERROR(ROUND(E41,0),"null") -> 100 | V41: =IFERROR(ROUND(I41,0),"null") -> 100 | W41: =IFERROR(ROUND(M41,0),"null") -> 100 | X41: =IF(AND($A42=$A41,$U41=100,$U42=100),"fullaccesss","") | Y41: =IF(AND($A42=$A41,$V41=100,$V42=100),"fullaccesss","") | Z41: =IF(AND($A42=$A41,$W41=100,$W42=100),"fullaccesss","") | AA41: =IFERROR(IF(AND(S41<>"",T41<>""),S41-T41,""),"null") | AB41: =LOOKUP($A41,Sheet2!$A$1:$B$233) -> Europe & Central Asia
A42: Belize | B42: 2015 | C42: 360.92599 | D42: 45.405998 | E42: 97.175595 | F42: 1.2279405 | G42: 1.5682225 | H42: 0.028241988 | I42: 95.653832 | J42: 1.421919 | K42: 2.872518 | L42: 0.051730936 | M42: 99.00529 | N42: 0.99471 | O42: 0 | P42: 0 | Q42: =IF(A43=A42,B43-B42,"") -> 5 | R42: =IFERROR(IF($A43=$A42,($E43-$E42)/($B43-$B42),""),"null") -> 0.24527193 | S42: =IFERROR(IF($A43=$A42,($I43-$I42)/($B43-$B42),""),"null") -> 0.4682751 | T42: =IFERROR(IF($A43=$A42,($M43-$M42)/($B43-$B42),""),"null") -> -0.025266 | U42: =IFERROR(ROUND(E42,0),"null") -> 97 | V42: =IFERROR(ROUND(I42,0),"null") -> 96 | W42: =IFERROR(ROUND(M42,0),"null") -> 99 | X42: =IF(AND($A43=$A42,$U42=100,$U43=100),"fullaccesss","") | Y42: =IF(AND($A43=$A42,$V42=100,$V43=100),"fullaccesss","") | Z42: =IF(AND($A43=$A42,$W42=100,$W43=100),"fullaccesss","") | AA42: =IFERROR(IF(AND(S42<>"",T42<>""),S42-T42,""),"null") -> 0.4935411 | AB42: =LOOKUP($A42,Sheet2!$A$1:$B$233) -> Latin America & Caribbean
A43: Belize | B43: 2020 | C43: 397.621 | D43: 46.025002 | E43: 98.401955 | F43: 1.2491106 | G43: 0.34893474 | H43: 0 | I43: 97.995208 | J43: 1.3583177 | K43: 0.64647474 | L43: 0 | M43: 98.87896 | N43: 1.12104 | O43: 0 | P43: 0 | Q43: =IF(A44=A43,B44-B43,"") | R43: =IFERROR(IF($A44=$A43,($E44-$E43)/($B44-$B43),""),"null") | S43: =IFERROR(IF($A44=$A43,($I44-$I43)/($B44-$B43),""),"null") | T43: =IFERROR(IF($A44=$A43,($M44-$M43)/($B44-$B43),""),"null") | U43: =IFERROR(ROUND(E43,0),"null") -> 98 | V43: =IFERROR(ROUND(I43,0),"null") -> 98 | W43: =IFERROR(ROUND(M43,0),"null") -> 99 | X43: =IF(AND($A44=$A43,$U43=100,$U44=100),"fullaccesss","") | Y43: =IF(AND($A44=$A43,$V43=100,$V44=100),"fullaccesss","") | Z43: =IF(AND($A44=$A43,$W43=100,$W44=100),"fullaccesss","") | AA43: =IFERROR(IF(AND(S43<>"",T43<>""),S43-T43,""),"null") | AB43: =LOOKUP($A43,Sheet2!$A$1:$B$233) -> Latin America & Caribbean
A44: Benin | B44: 2015 | C44: 10575.962 | D44: 45.695004 | E44: 64.786822 | F44: 8.7154707 | G44: 21.298464 | H44: 5.1992427 | I44: 56.784352 | J44: 11.703371 | K44: 23.774979 | L44: 7.7372983 | M44: 74.297143 | N44: 5.1645812 | O44: 18.355318 | P44: 2.1829588 | Q44: =IF(A45=A44,B45-B44,"") -> 5 | R44: =IFERROR(IF($A45=$A44,($E45-$E44)/($B45-$B44),""),"null") -> 0.12546014 | S44: =IFERROR(IF($A45=$A44,($I45-$I44)/($B45-$B44),""),"null") -> 0.2535831 | T44: =IFERROR(IF($A45=$A44,($M45-$M44)/($B45-$B44),""),"null") -> -0.2078285 | U44: =IFERROR(ROUND(E44,0),"null") -> 65 | V44: =IFERROR(ROUND(I44,0),"null") -> 57 | W44: =IFERROR(ROUND(M44,0),"null") -> 74 | X44: =IF(AND($A45=$A44,$U44=100,$U45=100),"fullaccesss","") | Y44: =IF(AND($A45=$A44,$V44=100,$V45=100),"fullaccesss","") | Z44: =IF(AND($A45=$A44,$W44=100,$W45=100),"fullaccesss","") | AA44: =IFERROR(IF(AND(S44<>"",T44<>""),S44-T44,""),"null") -> 0.46141161 | AB44: =LOOKUP($A44,Sheet2!$A$1:$B$233) -> Sub-Saharan Africa
A45: Benin | B45: 2020 | C45: 12123.198 | D45: 48.414997 | E45: 65.414123 | F45: 9.3175356 | G45: 21.972541 | H45: 3.2958005 | I45: 58.052268 | J45: 12.705205 | K45: 23.977968 | L45: 5.2645586 | M45: 73.258 | N45: 5.7080564 | O45: 19.835807 | P45: 1.1981368 | Q45: =IF(A46=A45,B46-B45,"") | R45: =IFERROR(IF($A46=$A45,($E46-$E45)/($B46-$B45),""),"null") | S45: =IFERROR(IF($A46=$A45,($I46-$I45)/($B46-$B45),""),"null") | T45: =IFERROR(IF($A46=$A45,($M46-$M45)/($B46-$B45),""),"null") | U45: =IFERROR(ROUND(E45,0),"null") -> 65 | V45: =IFERROR(ROUND(I45,0),"null") -> 58 | W45: =IFERROR(ROUND(M45,0),"null") -> 73 | X45: =IF(AND($A46=$A45,$U45=100,$U46=100),"fullaccesss","") | Y45: =IF(AND($A46=$A45,$V45=100,$V46=100),"fullaccesss","") | Z45: =IF(AND($A46=$A45,$W45=100,$W46=100),"fullaccesss","") | AA45: =IFERROR(IF(AND(S45<>"",T45<>""),S45-T45,""),"null") | AB45: =LOOKUP($A45,Sheet2!$A$1:$B$233) -> Sub-Saharan Africa
A46: Bermuda | B46: 2015 | C46: 63.695 | D46: 100 | E46: 99.90314 | F46: 0 | G46: 0.096859983 | H46: 0 | I46: null | J46: null | K46: null | L46: null | M46: 99.90314 | N46: 0 | O46: 0.096859983 | P46: 0 | Q46: =IF(A47=A46,B47-B46,"") -> 5 | R46: =IFERROR(IF($A47=$A46,($E47-$E46)/($B47-$B46),""),"null") -> 0 | S46: =IFERROR(IF($A47=$A46,($I47-$I46)/($B47-$B46),""),"null") -> null | T46: =IFERROR(IF($A47=$A46,($M47-$M46)/($B47-$B46),""),"null") -> 0 | U46: =IFERROR(ROUND(E46,0),"null") -> 100 | V46: =IFERROR(ROUND(I46,0),"null") -> null | W46: =IFERROR(ROUND(M46,0),"null") -> 100 | X46: =IF(AND($A47=$A46,$U46=100,$U47=100),"fullaccesss","") -> fullaccesss | Y46: =IF(AND($A47=$A46,$V46=100,$V47=100),"fullaccesss","") | Z46: =IF(AND($A47=$A46,$W46=100,$W47=100),"fullaccesss","") -> fullaccesss | AA46: =IFERROR(IF(AND(S46<>"",T46<>""),S46-T46,""),"null") -> null | AB46: =LOOKUP($A46,Sheet2!$A$1:$B$233) -> North America
A47: Bermuda | B47: 2020 | C47: 62.272999 | D47: 100 | E47: 99.90314 | F47: 0 | G47: 0.096859983 | H47: 0 | I47: null | J47: null | K47: null | L47: null | M47: 99.90314 | N47: 0 | O47: 0.096859983 | P47: 0 | Q47: =IF(A48=A47,B48-B47,"") | R47: =IFERROR(IF($A48=$A47,($E48-$E47)/($B48-$B47),""),"null") | S47: =IFERROR(IF($A48=$A47,($I48-$I47)/($B48-$B47),""),"null") | T47: =IFERROR(IF($A48=$A47,($M48-$M47)/($B48-$B47),""),"null") | U47: =IFERROR(ROUND(E47,0),"null") -> 100 | V47: =IFERROR(ROUND(I47,0),"null") -> null | W47: =IFERROR(ROUND(M47,0),"null") -> 100 | X47: =IF(AND($A48=$A47,$U47=100,$U48=100),"fullaccesss","") | Y47: =IF(AND($A48=$A47,$V47=100,$V48=100),"fullaccesss","") | Z47: =IF(AND($A48=$A47,$W47=100,$W48=100),"fullaccesss","") | AA47: =IFERROR(IF(AND(S47<>"",T47<>""),S47-T47,""),"null") | AB47: =LOOKUP($A47,Sheet2!$A$1:$B$233) -> North America
A48: Bhutan | B48: 2015 | C48: 727.88501 | D48: 38.678001 | E48: 96.221423 | F48: 2.4965963 | G48: 0.29618738 | H48: 0.98579374 | I48: 95.164363 | J48: 3.2158589 | K48: 0.1935987 | L48: 1.4261794 | M48: 97.897337 | N48: 1.356242 | O48: 0.45883649 | P48: 0.2875847 | Q48: =IF(A49=A48,B49-B48,"") -> 5 | R48: =IFERROR(IF($A49=$A48,($E49-$E48)/($B49-$B48),""),"null") -> 0.21836001 | S48: =IFERROR(IF($A49=$A48,($I49-$I48)/($B49-$B48),""),"null") -> 0.31336614 | T48: =IFERROR(IF($A49=$A48,($M49-$M48)/($B49-$B48),""),"null") -> 0.041858342 | U48: =IFERROR(ROUND(E48,0),"null") -> 96 | V48: =IFERROR(ROUND(I48,0),"null") -> 95 | W48: =IFERROR(ROUND(M48,0),"null") -> 98 | X48: =IF(AND($A49=$A48,$U48=100,$U49=100),"fullaccesss","") | Y48: =IF(AND($A49=$A48,$V48=100,$V49=100),"fullaccesss","") | Z48: =IF(AND($A49=$A48,$W48=100,$W49=100),"fullaccesss","") | AA48: =IFERROR(IF(AND(S48<>"",T48<>""),S48-T48,""),"null") -> 0.2715078 | AB48: =LOOKUP($A48,Sheet2!$A$1:$B$233) -> South Asia
A49: Bhutan | B49: 2020 | C49: 771.612 | D49: 42.315998 | E49: 97.313223 | F49: 2.4607126 | G49: 0.17642422 | H49: 0.049640541 | I49: 96.731194 | J49: 3.2688064 | K49: 0 | L49: 0 | M49: 98.106628 | N49: 1.3591415 | O49: 0.41692085 | P49: 0.11730916 | Q49: =IF(A50=A49,B50-B49,"") | R49: =IFERROR(IF($A50=$A49,($E50-$E49)/($B50-$B49),""),"null") | S49: =IFERROR(IF($A50=$A49,($I50-$I49)/($B50-$B49),""),"null") | T49: =IFERROR(IF($A50=$A49,($M50-$M49)/($B50-$B49),""),"null") | U49: =IFERROR(ROUND(E49,0),"null") -> 97 | V49: =IFERROR(ROUND(I49,0),"null") -> 97 | W49: =IFERROR(ROUND(M49,0),"null") -> 98 | X49: =IF(AND($A50=$A49,$U49=100,$U50=100),"fullaccesss","") | Y49: =IF(AND($A50=$A49,$V49=100,$V50=100),"fullaccesss","") | Z49: =IF(AND($A50=$A49,$W49=100,$W50=100),"fullaccesss","") | AA49: =IFERROR(IF(AND(S49<>"",T49<>""),S49-T49,""),"null") | AB49: =LOOKUP($A49,Sheet2!$A$1:$B$233) -> South Asia
A50: Bolivia (Plurinational State of) | B50: 2015 | C50: 10869.732 | D50: 68.392998 | E50: 90.462141 | F50: 0.1728984 | G50: 2.8324572 | H50: 6.5325034 | I50: 73.74018 | J50: 0.33996878 | K50: 5.9118005 | L50: 20.00805 | M50: 98.189997 | N50: 0.095688834 | O50: 1.4093725 | P50: 0.30494161 | Q50: =IF(A51=A50,B51-B50,"") -> 5 | R50: =IFERROR(IF($A51=$A50,($E51-$E50)/($B51-$B50),""),"null") -> 0.58558612 | S50: =IFERROR(IF($A51=$A50,($I51-$I50)/($B51-$B50),""),"null") -> 1.2392925 | T50: =IFERROR(IF($A51=$A50,($M51-$M50)/($B51-$B50),""),"null") -> 0.18642425 | U50: =IFERROR(ROUND(E50,0),"null") -> 90 | V50: =IFERROR(ROUND(I50,0),"null") -> 74 | W50: =IFERROR(ROUND(M50,0),"null") -> 98 | X50: =IF(AND($A51=$A50,$U50=100,$U51=100),"fullaccesss","") | Y50: =IF(AND($A51=$A50,$V50=100,$V51=100),"fullaccesss","") | Z50: =IF(AND($A51=$A50,$W50=100,$W51=100),"fullaccesss","") | AA50: =IFERROR(IF(AND(S50<>"",T50<>""),S50-T50,""),"null") -> 1.0528683 | AB50: =LOOKUP($A50,Sheet2!$A$1:$B$233) -> Latin America & Caribbean
A51: Bolivia (Plurinational State of) | B51: 2020 | C51: 11673.029 | D51: 70.123001 | E51: 93.390072 | F51: 0.13659053 | G51: 1.5750108 | H51: 4.898327 | I51: 79.936643 | J51: 0.24473641 | K51: 3.9541337 | L51: 15.864487 | M51: 99.122118 | N51: 0.090513289 | O51: 0.56134538 | P51: 0.22602301 | Q51: =IF(A52=A51,B52-B51,"") | R51: =IFERROR(IF($A52=$A51,($E52-$E51)/($B52-$B51),""),"null") | S51: =IFERROR(IF($A52=$A51,($I52-$I51)/($B52-$B51),""),"null") | T51: =IFERROR(IF($A52=$A51,($M52-$M51)/($B52-$B51),""),"null") | U51: =IFERROR(ROUND(E51,0),"null") -> 93 | V51: =IFERROR(ROUND(I51,0),"null") -> 80 | W51: =IFERROR(ROUND(M51,0),"null") -> 99 | X51: =IF(AND($A52=$A51,$U51=100,$U52=100),"fullaccesss","") | Y51: =IF(AND($A52=$A51,$V51=100,$V52=100),"fullaccesss","") | Z51: =IF(AND($A52=$A51,$W51=100,$W52=100),"fullaccesss","") | AA51: =IFERROR(IF(AND(S51<>"",T51<>""),S51-T51,""),"null") | AB51: =LOOKUP($A51,Sheet2!$A$1:$B$233) -> Latin America & Caribbean
A52: Bosnia and Herzegovina | B52: 2015 | C52: 3429.3621 | D52: 47.172997 | E52: 96.159844 | F52: 3.78007 | G52: 0.060085849 | H52: 0 | I52: 97.333333 | J52: 2.6666667 | K52: 0 | L52: 0 | M52: 94.845704 | N52: 5.0269222 | O52: 0.12737339 | P52: 0 | Q52: =IF(A53=A52,B53-B52,"") -> 5 | R52: =IFERROR(IF($A53=$A52,($E53-$E52)/($B53-$B52),""),"null") -> -0.009189312 | S52: =IFERROR(IF($A53=$A52,($I53-$I52)/($B53-$B52),""),"null") -> 0 | T52: =IFERROR(IF($A53=$A52,($M53-$M52)/($B53-$B52),""),"null") -> 0 | U52: =IFERROR(ROUND(E52,0),"null") -> 96 | V52: =IFERROR(ROUND(I52,0),"null") -> 97 | W52: =IFERROR(ROUND(M52,0),"null") -> 95 | X52: =IF(AND($A53=$A52,$U52=100,$U53=100),"fullaccesss","") | Y52: =IF(AND($A53=$A52,$V52=100,$V53=100),"fullaccesss","") | Z52: =IF(AND($A53=$A52,$W52=100,$W53=100),"fullaccesss","") | AA52: =IFERROR(IF(AND(S52<>"",T52<>""),S52-T52,""),"null") -> 0 | AB52: =LOOKUP($A52,Sheet2!$A$1:$B$233) -> Europe & Central Asia
A53: Bosnia and Herzegovina | B53: 2020 | C53: 3280.8149 | D53: 49.02 | E53: 96.113898 | F53: 3.8236639 | G53: 0.062438438 | H53: 0 | I53: 97.333333 | J53: 2.6666667 | K53: 0 | L53: 0 | M53: 94.845704 | N53: 5.0269222 | O53: 0.12737339 | P53: 0 | Q53: =IF(A54=A53,B54-B53,"") | R53: =IFERROR(IF($A54=$A53,($E54-$E53)/($B54-$B53),""),"null") | S53: =IFERROR(IF($A54=$A53,($I54-$I53)/($B54-$B53),""),"null") | T53: =IFERROR(IF($A54=$A53,($M54-$M53)/($B54-$B53),""),"null") | U53: =IFERROR(ROUND(E53,0),"null") -> 96 | V53: =IFERROR(ROUND(I53,0),"null") -> 97 | W53: =IFERROR(ROUND(M53,0),"null") -> 95 | X53: =IF(AND($A54=$A53,$U53=100,$U54=100),"fullaccesss","") | Y53: =IF(AND($A54=$A53,$V53=100,$V54=100),"fullaccesss","") | Z53: =IF(AND($A54=$A53,$W53=100,$W54=100),"fullaccesss","") | AA53: =IFERROR(IF(AND(S53<>"",T53<>""),S53-T53,""),"null") | AB53: =LOOKUP($A53,Sheet2!$A$1:$B$233) -> Europe & Central Asia
A54: Botswana | B54: 2015 | C54: 2120.7161 | D54: 67.154999 | E54: 88.44629 | F54: 8.4106142 | G54: 1.5783496 | H54: 1.5647467 | I54: 71.892534 | J54: 21.789328 | K54: 1.8541979 | L54: 4.4639407 | M54: 96.542603 | N54: 1.8671862 | O54: 1.4434385 | P54: 0.14677276 | Q54: =IF(A55=A54,B55-B54,"") -> 5 | R54: =IFERROR(IF($A55=$A54,($E55-$E54)/($B55-$B54),""),"null") -> 0.75345471 | S54: =IFERROR(IF($A55=$A54,($I55-$I54)/($B55-$B54),""),"null") -> 1.430238 | T54: =IFERROR(IF($A55=$A54,($M55-$M54)/($B55-$B54),""),"null") -> 0.2164756 | U54: =IFERROR(ROUND(E54,0),"null") -> 88 | V54: =IFERROR(ROUND(I54,0),"null") -> 72 | W54: =IFERROR(ROUND(M54,0),"null") -> 97 | X54: =IF(AND($A55=$A54,$U54=100,$U55=100),"fullaccesss","") | Y54: =IF(AND($A55=$A54,$V54=100,$V55=100),"fullaccesss","") | Z54: =IF(AND($A55=$A54,$W54=100,$W55=100),"fullaccesss","") | AA54: =IFERROR(IF(AND(S54<>"",T54<>""),S54-T54,""),"null") -> 1.2137624 | AB54: =LOOKUP($A54,Sheet2!$A$1:$B$233) -> Sub-Saharan Africa
A55: Botswana | B55: 2020 | C55: 2351.625 | D55: 70.876999 | E55: 92.213563 | F55: 4.723039 | G55: 1.7325265 | H55: 1.3308715 | I55: 79.043724 | J55: 15.154947 | K55: 1.5961192 | L55: 4.2052098 | M55: 97.624981 | N55: 0.43662003 | O55: 1.7885792 | P55: 0.14982023 | Q55: =IF(A56=A55,B56-B55,"") | R55: =IFERROR(IF($A56=$A55,($E56-$E55)/($B56-$B55),""),"null") | S55: =IFERROR(IF($A56=$A55,($I56-$I55)/($B56-$B55),""),"null") | T55: =IFERROR(IF($A56=$A55,($M56-$M55)/($B56-$B55),""),"null") | U55: =IFERROR(ROUND(E55,0),"null") -> 92 | V55: =IFERROR(ROUND(I55,0),"null") -> 79 | W55: =IFERROR(ROUND(M55,0),"null") -> 98 | X55: =IF(AND($A56=$A55,$U55=100,$U56=100),"fullaccesss","") | Y55: =IF(AND($A56=$A55,$V55=100,$V56=100),"fullaccesss","") | Z55: =IF(AND($A56=$A55,$W55=100,$W56=100),"fullaccesss","") | AA55: =IFERROR(IF(AND(S55<>"",T55<>""),S55-T55,""),"null") | AB55: =LOOKUP($A55,Sheet2!$A$1:$B$233) -> Sub-Saharan Africa
A56: Brazil | B56: 2015 | C56: 204471.77 | D56: 85.770004 | E56: 97.803568 | F56: 0.57950002 | G56: 0.47496571 | H56: 1.1419667 | I56: 88.756028 | J56: 2.8537736 | K56: 0.36513424 | L56: 8.025064 | M56: 99.304631 | N56: 0.20217793 | O56: 0.49319105 | P56: 0 | Q56: =IF(A57=A56,B57-B56,"") -> 5 | R56: =IFERROR(IF($A57=$A56,($E57-$E56)/($B57-$B56),""),"null") -> 0.30345708 | S56: =IFERROR(IF($A57=$A56,($I57-$I56)/($B57-$B56),""),"null") -> 1.4378463 | T56: =IFERROR(IF($A57=$A56,($M57-$M56)/($B57-$B56),""),"null") -> 0.10347406 | U56: =IFERROR(ROUND(E56,0),"null") -> 98 | V56: =IFERROR(ROUND(I56,0),"null") -> 89 | W56: =IFERROR(ROUND(M56,0),"null") -> 99 | X56: =IF(AND($A57=$A56,$U56=100,$U57=100),"fullaccesss","") | Y56: =IF(AND($A57=$A56,$V56=100,$V57=100),"fullaccesss","") | Z56: =IF(AND($A57=$A56,$W56=100,$W57=100),"fullaccesss","") | AA56: =IFERROR(IF(AND(S56<>"",T56<>""),S56-T56,""),"null") -> 1.3343722 | AB56: =LOOKUP($A56,Sheet2!$A$1:$B$233) -> Latin America & Caribbean
A57: Brazil | B57: 2020 | C57: 212559.41 | D57: 87.072998 | E57: 99.320853 | F57: 0.126549 | G57: 0.55259801 | H57: null | I57: 95.94526 | J57: 0.97895092 | K57: 3.0757896 | L57: null | M57: 99.822001 | N57: 0 | O57: 0.17799869 | P57: 0 | Q57: =IF(A58=A57,B58-B57,"") | R57: =IFERROR(IF($A58=$A57,($E58-$E57)/($B58-$B57),""),"null") | S57: =IFERROR(IF($A58=$A57,($I58-$I57)/($B58-$B57),""),"null") | T57: =IFERROR(IF($A58=$A57,($M58-$M57)/($B58-$B57),""),"null") | U57: =IFERROR(ROUND(E57,0),"null") -> 99 | V57: =IFERROR(ROUND(I57,0),"null") -> 96 | W57: =IFERROR(ROUND(M57,0),"null") -> 100 | X57: =IF(AND($A58=$A57,$U57=100,$U58=100),"fullaccesss","") | Y57: =IF(AND($A58=$A57,$V57=100,$V58=100),"fullaccesss","") | Z57: =IF(AND($A58=$A57,$W57=100,$W58=100),"fullaccesss","") | AA57: =IFERROR(IF(AND(S57<>"",T57<>""),S57-T57,""),"null") | AB57: =LOOKUP($A57,Sheet2!$A$1:$B$233) -> Latin America & Caribbean
A58: British Virgin Islands | B58: 2015 | C58: 29.148001 | D58: 46.583 | E58: 99.864384 | F58: 0 | G58: 0.13561644 | H58: 0 | I58: null | J58: null | K58: null | L58: null | M58: null | N58: null | O58: null | P58: null | Q58: =IF(A59=A58,B59-B58,"") -> 5 | R58: =IFERROR(IF($A59=$A58,($E59-$E58)/($B59-$B58),""),"null") -> 0 | S58: =IFERROR(IF($A59=$A58,($I59-$I58)/($B59-$B58),""),"null") -> null | T58: =IFERROR(IF($A59=$A58,($M59-$M58)/($B59-$B58),""),"null") -> null | U58: =IFERROR(ROUND(E58,0),"null") -> 100 | V58: =IFERROR(ROUND(I58,0),"null") -> null | W58: =IFERROR(ROUND(M58,0),"null") -> null | X58: =IF(AND($A59=$A58,$U58=100,$U59=100),"fullaccesss","") -> fullaccesss | Y58: =IF(AND($A59=$A58,$V58=100,$V59=100),"fullaccesss","") | Z58: =IF(AND($A59=$A58,$W58=100,$W59=100),"fullaccesss","") | AA58: =IFERROR(IF(AND(S58<>"",T58<>""),S58-T58,""),"null") -> null | AB58: =LOOKUP($A58,Sheet2!$A$1:$B$233) -> Latin America & Caribbean
A59: British Virgin Islands | B59: 2020 | C59: 30.237 | D59: 48.514999 | E59: 99.864384 | F59: 0 | G59: 0.13561644 | H59: 0 | I59: null | J59: null | K59: null | L59: null | M59: null | N59: null | O59: null | P59: null | Q59: =IF(A60=A59,B60-B59,"") | R59: =IFERROR(IF($A60=$A59,($E60-$E59)/($B60-$B59),""),"null") | S59: =IFERROR(IF($A60=$A59,($I60-$I59)/($B60-$B59),""),"null") | T59: =IFERROR(IF($A60=$A59,($M60-$M59)/($B60-$B59),""),"null") | U59: =IFERROR(ROUND(E59,0),"null") -> 100 | V59: =IFERROR(ROUND(I59,0),"null") -> null | W59: =IFERROR(ROUND(M59,0),"null") -> null | X59: =IF(AND($A60=$A59,$U59=100,$U60=100),"fullaccesss","") | Y59: =IF(AND($A60=$A59,$V59=100,$V60=100),"fullaccesss","") | Z59: =IF(AND($A60=$A59,$W59=100,$W60=100),"fullaccesss","") | AA59: =IFERROR(IF(AND(S59<>"",T59<>""),S59-T59,""),"null") | AB59: =LOOKUP($A59,Sheet2!$A$1:$B$233) -> Latin America & Caribbean
A60: Brunei Darussalam | B60: 2015 | C60: 414.914 | D60: 76.662994 | E60: 99.509976 | F60: 0 | G60: 0.39667583 | H60: 0.093348003 | I60: 99.05 | J60: 0 | K60: 0.55 | L60: 0.4 | M60: 99.65 | N60: 0 | O60: 0.35 | P60: 0 | Q60: =IF(A61=A60,B61-B60,"") -> 5 | R60: =IFERROR(IF($A61=$A60,($E61-$E60)/($B61-$B60),""),"null") -> 0.078012128 | S60: =IFERROR(IF($A61=$A60,($I61-$I60)/($B61-$B60),""),"null") -> null | T60: =IFERROR(IF($A61=$A60,($M61-$M60)/($B61-$B60),""),"null") -> 0 | U60: =IFERROR(ROUND(E60,0),"null") -> 100 | V60: =IFERROR(ROUND(I60,0),"null") -> 99 | W60: =IFERROR(ROUND(M60,0),"null") -> 100 | X60: =IF(AND($A61=$A60,$U60=100,$U61=100),"fullaccesss","") -> fullaccesss | Y60: =IF(AND($A61=$A60,$V60=100,$V61=100),"fullaccesss","") | Z60: =IF(AND($A61=$A60,$W60=100,$W61=100),"fullaccesss","") -> fullaccesss | AA60: =IFERROR(IF(AND(S60<>"",T60<>""),S60-T60,""),"null") -> null | AB60: =LOOKUP($A60,Sheet2!$A$1:$B$233) -> East Asia & Pacific
A61: Brunei Darussalam | B61: 2020 | C61: 437.483 | D61: 78.250008 | E61: 99.900037 | F61: 0 | G61: 0.0999632 | H61: 0 | I61: null | J61: null | K61: null | L61: null | M61: 99.65 | N61: 0 | O61: 0.35 | P61: 0 | Q61: =IF(A62=A61,B62-B61,"") | R61: =IFERROR(IF($A62=$A61,($E62-$E61)/($B62-$B61),""),"null") | S61: =IFERROR(IF($A62=$A61,($I62-$I61)/($B62-$B61),""),"null") | T61: =IFERROR(IF($A62=$A61,($M62-$M61)/($B62-$B61),""),"null") | U61: =IFERROR(ROUND(E61,0),"null") -> 100 | V61: =IFERROR(ROUND(I61,0),"null") -> null | W61: =IFERROR(ROUND(M61,0),"null") -> 100 | X61: =IF(AND($A62=$A61,$U61=100,$U62=100),"fullaccesss","") | Y61: =IF(AND($A62=$A61,$V61=100,$V62=100),"fullaccesss","") | Z61: =IF(AND($A62=$A61,$W61=100,$W62=100),"fullaccesss","") | AA61: =IFERROR(IF(AND(S61<>"",T61<>""),S61-T61,""),"null") | AB61: =LOOKUP($A61,Sheet2!$A$1:$B$233) -> East Asia & Pacific
A62: Bulgaria | B62: 2015 | C62: 7199.7388 | D62: 73.989998 | E62: 99.196327 | F62: 0 | G62: 0.80367269 | H62: 0 | I62: 98.01614 | J62: 0 | K62: 1.9838597 | L62: 0 | M62: 99.611208 | N62: 0 | O62: 0.38879228 | P62: 0 | Q62: =IF(A63=A62,B63-B62,"") -> 5 | R62: =IFERROR(IF($A63=$A62,($E63-$E62)/($B63-$B62),""),"null") -> -0.036982074 | S62: =IFERROR(IF($A63=$A62,($I63-$I62)/($B63-$B62),""),"null") -> -0.12297047 | T62: =IFERROR(IF($A63=$A62,($M63-$M62)/($B63-$B62),""),"null") -> -0.016507464 | U62: =IFERROR(ROUND(E62,0),"null") -> 99 | V62: =IFERROR(ROUND(I62,0),"null") -> 98 | W62: =IFERROR(ROUND(M62,0),"null") -> 100 | X62: =IF(AND($A63=$A62,$U62=100,$U63=100),"fullaccesss","") | Y62: =IF(AND($A63=$A62,$V62=100,$V63=100),"fullaccesss","") | Z62: =IF(AND($A63=$A62,$W62=100,$W63=100),"fullaccesss","") -> fullaccesss | AA62: =IFERROR(IF(AND(S62<>"",T62<>""),S62-T62,""),"null") -> -0.10646301 | AB62: =LOOKUP($A62,Sheet2!$A$1:$B$233) -> Europe & Central Asia
A63: Bulgaria | B63: 2020 | C63: 6948.4448 | D63: 75.685997 | E63: 99.011417 | F63: 0 | G63: 0.98858306 | H63: 0 | I63: 97.401288 | J63: 0 | K63: 2.598712 | L63: 0 | M63: 99.52867 | N63: 0 | O63: 0.4713296 | P63: 0 | Q63: =IF(A64=A63,B64-B63,"") | R63: =IFERROR(IF($A64=$A63,($E64-$E63)/($B64-$B63),""),"null") | S63: =IFERROR(IF($A64=$A63,($I64-$I63)/($B64-$B63),""),"null") | T63: =IFERROR(IF($A64=$A63,($M64-$M63)/($B64-$B63),""),"null") | U63: =IFERROR(ROUND(E63,0),"null") -> 99 | V63: =IFERROR(ROUND(I63,0),"null") -> 97 | W63: =IFERROR(ROUND(M63,0),"null") -> 100 | X63: =IF(AND($A64=$A63,$U63=100,$U64=100),"fullaccesss","") | Y63: =IF(AND($A64=$A63,$V63=100,$V64=100),"fullaccesss","") | Z63: =IF(AND($A64=$A63,$W63=100,$W64=100),"fullaccesss","") | AA63: =IFERROR(IF(AND(S63<>"",T63<>""),S63-T63,""),"null") | AB63: =LOOKUP($A63,Sheet2!$A$1:$B$233) -> Europe & Central Asia
A64: Burkina Faso | B64: 2015 | C64: 18110.615 | D64: 27.530001 | E64: 50.137131 | F64: 25.673541 | G64: 22.430179 | H64: 1.759149 | I64: 38.855164 | J64: 30.202185 | K64: 28.648694 | L64: 2.2939571 | M64: 79.835792 | N64: 13.752335 | O64: 6.0605534 | P64: 0.35131982 | Q64: =IF(A65=A64,B65-B64,"") -> 5 | R64: =IFERROR(IF($A65=$A64,($E65-$E64)/($B65-$B64),""),"null") -> -0.58445533 | S64: =IFERROR(IF($A65=$A64,($I65-$I64)/($B65-$B64),""),"null") -> -1.227381 | T64: =IFERROR(IF($A65=$A64,($M65-$M64)/($B65-$B64),""),"null") -> 0.049225276 | U64: =IFERROR(ROUND(E64,0),"null") -> 50 | V64: =IFERROR(ROUND(I64,0),"null") -> 39 | W64: =IFERROR(ROUND(M64,0),"null") -> 80 | X64: =IF(AND($A65=$A64,$U64=100,$U65=100),"fullaccesss","") | Y64: =IF(AND($A65=$A64,$V64=100,$V65=100),"fullaccesss","") | Z64: =IF(AND($A65=$A64,$W64=100,$W65=100),"fullaccesss","") | AA64: =IFERROR(IF(AND(S64<>"",T64<>""),S64-T64,""),"null") -> -1.2766062 | AB64: =LOOKUP($A64,Sheet2!$A$1:$B$233) -> Sub-Saharan Africa
A65: Burkina Faso | B65: 2020 | C65: 20903.277 | D65: 30.607 | E65: 47.214854 | F65: 31.273003 | G65: 21.158633 | H65: 0.3535095 | I65: 32.718259 | J65: 38.626903 | K65: 28.340446 | L65: 0.31439286 | M65: 80.081919 | N65: 14.600049 | O65: 4.8758365 | P65: 0.44219578 | Q65: =IF(A66=A65,B66-B65,"") | R65: =IFERROR(IF($A66=$A65,($E66-$E65)/($B66-$B65),""),"null") | S65: =IFERROR(IF($A66=$A65,($I66-$I65)/($B66-$B65),""),"null") | T65: =IFERROR(IF($A66=$A65,($M66-$M65)/($B66-$B65),""),"null") | U65: =IFERROR(ROUND(E65,0),"null") -> 47 | V65: =IFERROR(ROUND(I65,0),"null") -> 33 | W65: =IFERROR(ROUND(M65,0),"null") -> 80 | X65: =IF(AND($A66=$A65,$U65=100,$U66=100),"fullaccesss","") | Y65: =IF(AND($A66=$A65,$V65=100,$V66=100),"fullaccesss","") | Z65: =IF(AND($A66=$A65,$W65=100,$W66=100),"fullaccesss","") | AA65: =IFERROR(IF(AND(S65<>"",T65<>""),S65-T65,""),"null") | AB65: =LOOKUP($A65,Sheet2!$A$1:$B$233) -> Sub-Saharan Africa
A66: Burundi | B66: 2015 | C66: 10160.034 | D66: 12.078 | E66: 59.581469 | F66: 19.538892 | G66: 14.864993 | H66: 6.0146463 | I66: 55.558267 | J66: 21.166796 | K66: 16.594145 | L66: 6.680793 | M66: 88.868438 | N66: 7.6885395 | O66: 2.2776019 | P66: 1.165421 | Q66: =IF(A67=A66,B67-B66,"") -> 5 | R66: =IFERROR(IF($A67=$A66,($E67-$E66)/($B67-$B66),""),"null") -> 0.5251306 | S66: =IFERROR(IF($A67=$A66,($I67-$I66)/($B67-$B66),""),"null") -> 0.42549967 | T66: =IFERROR(IF($A67=$A66,($M67-$M66)/($B67-$B66),""),"null") -> 0.36013465 | U66: =IFERROR(ROUND(E66,0),"null") -> 60 | V66: =IFERROR(ROUND(I66,0),"null") -> 56 | W66: =IFERROR(ROUND(M66,0),"null") -> 89 | X66: =IF(AND($A67=$A66,$U66=100,$U67=100),"fullaccesss","") | Y66: =IF(AND($A67=$A66,$V66=100,$V67=100),"fullaccesss","") | Z66: =IF(AND($A67=$A66,$W66=100,$W67=100),"fullaccesss","") | AA66: =IFERROR(IF(AND(S66<>"",T66<>""),S66-T66,""),"null") -> 0.065365018 | AB66: =LOOKUP($A66,Sheet2!$A$1:$B$233) -> Sub-Saharan Africa
A67: Burundi | B67: 2020 | C67: 11890.781 | D67: 13.708 | E67: 62.207122 | F67: 19.439693 | G67: 14.75826 | H67: 3.5949249 | I67: 57.685765 | J67: 21.251482 | K67: 16.896752 | L67: 4.1660002 | M67: 90.669111 | N67: 8.0344629 | O67: 1.2964263 | P67: 0 | Q67: =IF(A68=A67,B68-B67,"") | R67: =IFERROR(IF($A68=$A67,($E68-$E67)/($B68-$B67),""),"null") | S67: =IFERROR(IF($A68=$A67,($I68-$I67)/($B68-$B67),""),"null") | T67: =IFERROR(IF($A68=$A67,($M68-$M67)/($B68-$B67),""),"null") | U67: =IFERROR(ROUND(E67,0),"null") -> 62 | V67: =IFERROR(ROUND(I67,0),"null") -> 58 | W67: =IFERROR(ROUND(M67,0),"null") -> 91 | X67: =IF(AND($A68=$A67,$U67=100,$U68=100),"fullaccesss","") | Y67: =IF(AND($A68=$A67,$V67=100,$V68=100),"fullaccesss","") | Z67: =IF(AND($A68=$A67,$W67=100,$W68=100),"fullaccesss","") | AA67: =IFERROR(IF(AND(S67<>"",T67<>""),S67-T67,""),"null") | AB67: =LOOKUP($A67,Sheet2!$A$1:$B$233) -> Sub-Saharan Africa
A68: Cabo Verde | B68: 2015 | C68: 524.73999 | D68: 64.299995 | E68: 85.443342 | F68: 10.253078 | G68: 4.1519483 | H68: 0.15163169 | I68: 72.832314 | J68: 16.379795 | K68: 10.436761 | L68: 0.35113054 | M68: 92.445115 | N68: 6.8514639 | O68: 0.66255363 | P68: 0.040867954 | Q68: =IF(A69=A68,B69-B68,"") -> 5 | R68: =IFERROR(IF($A69=$A68,($E69-$E68)/($B69-$B68),""),"null") -> 0.66525281 | S68: =IFERROR(IF($A69=$A68,($I69-$I68)/($B69-$B68),""),"null") -> 1.4564423 | T68: =IFERROR(IF($A69=$A68,($M69-$M68)/($B69-$B68),""),"null") -> 0.1309771 | U68: =IFERROR(ROUND(E68,0),"null") -> 85 | V68: =IFERROR(ROUND(I68,0),"null") -> 73 | W68: =IFERROR(ROUND(M68,0),"null") -> 92 | X68: =IF(AND($A69=$A68,$U68=100,$U69=100),"fullaccesss","") | Y68: =IF(AND($A69=$A68,$V68=100,$V69=100),"fullaccesss","") | Z68: =IF(AND($A69=$A68,$W68=100,$W69=100),"fullaccesss","") | AA68: =IFERROR(IF(AND(S68<>"",T68<>""),S68-T68,""),"null") -> 1.3254652 | AB68: =LOOKUP($A68,Sheet2!$A$1:$B$233) -> Sub-Saharan Africa
A69: Cabo Verde | B69: 2020 | C69: 555.98798 | D69: 66.652 | E69: 88.769606 | F69: 7.9041508 | G69: 3.2091477 | H69: 0.11709501 | I69: 80.114525 | J69: 9.911127 | K69: 9.623217 | L69: 0.35113054 | M69: 93.1 | N69: 6.9 | O69: 0 | P69: 0 | Q69: =IF(A70=A69,B70-B69,"") | R69: =IFERROR(IF($A70=$A69,($E70-$E69)/($B70-$B69),""),"null") | S69: =IFERROR(IF($A70=$A69,($I70-$I69)/($B70-$B69),""),"null") | T69: =IFERROR(IF($A70=$A69,($M70-$M69)/($B70-$B69),""),"null") | U69: =IFERROR(ROUND(E69,0),"null") -> 89 | V69: =IFERROR(ROUND(I69,0),"null") -> 80 | W69: =IFERROR(ROUND(M69,0),"null") -> 93 | X69: =IF(AND($A70=$A69,$U69=100,$U70=100),"fullaccesss","") | Y69: =IF(AND($A70=$A69,$V69=100,$V70=100),"fullaccesss","") | Z69: =IF(AND($A70=$A69,$W69=100,$W70=100),"fullaccesss","") | AA69: =IFERROR(IF(AND(S69<>"",T69<>""),S69-T69,""),"null") | AB69: =LOOKUP($A69,Sheet2!$A$1:$B$233) -> Sub-Saharan Africa
A70: Cambodia | B70: 2015 | C70: 15521.435 | D70: 22.188 | E70: 68.443849 | F70: 8.6032482 | G70: 9.6029948 | H70: 13.349908 | I70: 62.711117 | J70: 9.4320456 | K70: 11.750896 | L70: 16.105942 | M70: 88.548191 | N70: 5.6967035 | O70: 2.0704457 | P70: 3.6846594 | Q70: =IF(A71=A70,B71-B70,"") -> 5 | R70: =IFERROR(IF($A71=$A70,($E71-$E70)/($B71-$B70),""),"null") -> 0.5552072 | S70: =IFERROR(IF($A71=$A70,($I71-$I70)/($B71-$B70),""),"null") -> 0.47120783 | T70: =IFERROR(IF($A71=$A70,($M71-$M70)/($B71-$B70),""),"null") -> 0.38197715 | U70: =IFERROR(ROUND(E70,0),"null") -> 68 | V70: =IFERROR(ROUND(I70,0),"null") -> 63 | W70: =IFERROR(ROUND(M70,0),"null") -> 89 | X70: =IF(AND($A71=$A70,$U70=100,$U71=100),"fullaccesss","") | Y70: =IF(AND($A71=$A70,$V70=100,$V71=100),"fullaccesss","") | Z70: =IF(AND($A71=$A70,$W70=100,$W71=100),"fullaccesss","") | AA70: =IFERROR(IF(AND(S70<>"",T70<>""),S70-T70,""),"null") -> 0.089230684 | AB70: =LOOKUP($A70,Sheet2!$A$1:$B$233) -> East Asia & Pacific
A71: Cambodia | B71: 2020 | C71: 16718.971 | D71: 24.232 | E71: 71.219885 | F71: 13.902222 | G71: 5.6772186 | H71: 9.2006744 | I71: 65.067156 | J71: 15.517723 | K71: 7.4928993 | L71: 11.922222 | M71: 90.458077 | N71: 8.8509147 | O71: 0 | P71: 0.69100811 | Q71: =IF(A72=A71,B72-B71,"") | R71: =IFERROR(IF($A72=$A71,($E72-$E71)/($B72-$B71),""),"null") | S71: =IFERROR(IF($A72=$A71,($I72-$I71)/($B72-$B71),""),"null") | T71: =IFERROR(IF($A72=$A71,($M72-$M71)/($B72-$B71),""),"null") | U71: =IFERROR(ROUND(E71,0),"null") -> 71 | V71: =IFERROR(ROUND(I71,0),"null") -> 65 | W71: =IFERROR(ROUND(M71,0),"null") -> 90 | X71: =IF(AND($A72=$A71,$U71=100,$U72=100),"fullaccesss","") | Y71: =IF(AND($A72=$A71,$V71=100,$V72=100),"fullaccesss","") | Z71: =IF(AND($A72=$A71,$W71=100,$W72=100),"fullaccesss","") | AA71: =IFERROR(IF(AND(S71<>"",T71<>""),S71-T71,""),"null") | AB71: =LOOKUP($A71,Sheet2!$A$1:$B$233) -> East Asia & Pacific
A72: Cameroon | B72: 2015 | C72: 23298.377 | D72: 54.577999 | E72: 63.97399 | F72: 11.238271 | G72: 17.651358 | H72: 7.136381 | I72: 42.005669 | J72: 11.073386 | K72: 32.394045 | L72: 14.5269 | M72: 82.256908 | N72: 11.375494 | O72: 5.3819035 | P72: 0.9856948 | Q72: =IF(A73=A72,B73-B72,"") -> 5 | R72: =IFERROR(IF($A73=$A72,($E73-$E72)/($B73-$B72),""),"null") -> 0.34928561 | S72: =IFERROR(IF($A73=$A72,($I73-$I72)/($B73-$B72),""),"null") -> 0.30438238 | T72: =IFERROR(IF($A73=$A72,($M73-$M72)/($B73-$B72),""),"null") -> -0.03466461 | U72: =IFERROR(ROUND(E72,0),"null") -> 64 | V72: =IFERROR(ROUND(I72,0),"null") -> 42 | W72: =IFERROR(ROUND(M72,0),"null") -> 82 | X72: =IF(AND($A73=$A72,$U72=100,$U73=100),"fullaccesss","") | Y72: =IF(AND($A73=$A72,$V72=100,$V73=100),"fullaccesss","") | Z72: =IF(AND($A73=$A72,$W72=100,$W73=100),"fullaccesss","") | AA72: =IFERROR(IF(AND(S72<>"",T72<>""),S72-T72,""),"null") -> 0.33904699 | AB72: =LOOKUP($A72,Sheet2!$A$1:$B$233) -> Sub-Saharan Africa
A73: Cameroon | B73: 2020 | C73: 26545.863 | D73: 57.560005 | E73: 65.720418 | F73: 12.874749 | G73: 15.001006 | H73: 6.4038269 | I73: 43.527581 | J73: 12.672599 | K73: 30.123806 | L73: 13.676013 | M73: 82.083585 | N73: 13.023797 | O73: 3.8507014 | P73: 1.041917 | Q73: =IF(A74=A73,B74-B73,"") | R73: =IFERROR(IF($A74=$A73,($E74-$E73)/($B74-$B73),""),"null") | S73: =IFERROR(IF($A74=$A73,($I74-$I73)/($B74-$B73),""),"null") | T73: =IFERROR(IF($A74=$A73,($M74-$M73)/($B74-$B73),""),"null") | U73: =IFERROR(ROUND(E73,0),"null") -> 66 | V73: =IFERROR(ROUND(I73,0),"null") -> 44 | W73: =IFERROR(ROUND(M73,0),"null") -> 82 | X73: =IF(AND($A74=$A73,$U73=100,$U74=100),"fullaccesss","") | Y73: =IF(AND($A74=$A73,$V73=100,$V74=100),"fullaccesss","") | Z73: =IF(AND($A74=$A73,$W73=100,$W74=100),"fullaccesss","") | AA73: =IFERROR(IF(AND(S73<>"",T73<>""),S73-T73,""),"null") | AB73: =LOOKUP($A73,Sheet2!$A$1:$B$233) -> Sub-Saharan Africa
... A75: Canada | B75: 2020 | C75: 37742.156 | D75: 81.562004 | E75: 99.221811 | F75: 0 | G75: 0.77818934 | H75: 0 | I75: 99.060496 | J75: 0 | K75: 0.9395041 | L75: 0 | M75: 99.258278 | N75: 0 | O75: 0.74172234 | P75: 0 | Q75: =IF(A76=A75,B76-B75,"") | R75: =IFERROR(IF($A76=$A75,($E76-$E75)/($B76-$B75),""),"null") | S75: =IFERROR(IF($A76=$A75,($I76-$I75)/($B76-$B75),""),"null") | T75: =IFERROR(IF($A76=$A75,($M76-$M75)/($B76-$B75),""),"null") | U75: =IFERROR(ROUND(E75,0),"null") -> 99 | V75: =IFERROR(ROUND(I75,0),"null") -> 99 | W75: =IFERROR(ROUND(M75,0),"null") -> 99 | X75: =IF(AND($A76=$A75,$U75=100,$U76=100),"fullaccesss","") | Y75: =IF(AND($A76=$A75,$V75=100,$V76=100),"fullaccesss","") | Z75: =IF(AND($A76=$A75,$W75=100,$W76=100),"fullaccesss","") | AA75: =IFERROR(IF(AND(S75<>"",T75<>""),S75-T75,""),"null") | AB75: =LOOKUP($A75,Sheet2!$A$1:$B$233) -> North America
A76: Cayman Islands | B76: 2015 | C76: 61.721001 | D76: 100 | E76: 96.125 | F76: 0 | G76: 3.875 | H76: 0 | I76: null | J76: null | K76: null | L76: null | M76: 96.125 | N76: 0 | O76: 3.875 | P76: 0 | Q76: =IF(A77=A76,B77-B76,"") -> 1 | R76: =IFERROR(IF($A77=$A76,($E77-$E76)/($B77-$B76),""),"null") -> 0 | S76: =IFERROR(IF($A77=$A76,($I77-$I76)/($B77-$B76),""),"null") -> null | T76: =IFERROR(IF($A77=$A76,($M77-$M76)/($B77-$B76),""),"null") -> 0 | U76: =IFERROR(ROUND(E76,0),"null") -> 96 | V76: =IFERROR(ROUND(I76,0),"null") -> null | W76: =IFERROR(ROUND(M76,0),"null") -> 96 | X76: =IF(AND($A77=$A76,$U76=100,$U77=100),"fullaccesss","") | Y76: =IF(AND($A77=$A76,$V76=100,$V77=100),"fullaccesss","") | Z76: =IF(AND($A77=$A76,$W76=100,$W77=100),"fullaccesss","") | AA76: =IFERROR(IF(AND(S76<>"",T76<>""),S76-T76,""),"null") -> null | AB76: =LOOKUP($A76,Sheet2!$A$1:$B$233) -> Latin America & Caribbean
A77: Cayman Islands | B77: 2016 | C77: 62.563999 | D77: 100 | E77: 96.125 | F77: 0 | G77: 3.875 | H77: 0 | I77: null | J77: null | K77: null | L77: null | M77: 96.125 | N77: 0 | O77: 3.875 | P77: 0 | Q77: =IF(A78=A77,B78-B77,"") | R77: =IFERROR(IF($A78=$A77,($E78-$E77)/($B78-$B77),""),"null") | S77: =IFERROR(IF($A78=$A77,($I78-$I77)/($B78-$B77),""),"null") | T77: =IFERROR(IF($A78=$A77,($M78-$M77)/($B78-$B77),""),"null") | U77: =IFERROR(ROUND(E77,0),"null") -> 96 | V77: =IFERROR(ROUND(I77,0),"null") -> null | W77: =IFERROR(ROUND(M77,0),"null") -> 96 | X77: =IF(AND($A78=$A77,$U77=100,$U78=100),"fullaccesss","") | Y77: =IF(AND($A78=$A77,$V77=100,$V78=100),"fullaccesss","") | Z77: =IF(AND($A78=$A77,$W77=100,$W78=100),"fullaccesss","") | AA77: =IFERROR(IF(AND(S77<>"",T77<>""),S77-T77,""),"null") | AB77: =LOOKUP($A77,Sheet2!$A$1:$B$233) -> Latin America & Caribbean
A78: Central African Republic | B78: 2015 | C78: 4493.1709 | D78: 40.277 | E78: 42.311345 | F78: 21.343997 | G78: 32.010174 | H78: 4.3344833 | I78: 31.891408 | J78: 17.357854 | K78: 43.702609 | L78: 7.0481294 | M78: 57.762099 | N78: 27.254678 | O78: 14.672551 | P78: 0.31067171 | Q78: =IF(A79=A78,B79-B78,"") -> 5 | R78: =IFERROR(IF($A79=$A78,($E79-$E78)/($B79-$B78),""),"null") -> -1.0217887 | S78: =IFERROR(IF($A79=$A78,($I79-$I78)/($B79-$B78),""),"null") -> -0.75696273 | T78: =IFERROR(IF($A79=$A78,($M79-$M78)/($B79-$B78),""),"null") -> -1.6200868 | U78: =IFERROR(ROUND(E78,0),"null") -> 42 | V78: =IFERROR(ROUND(I78,0),"null") -> 32 | W78: =IFERROR(ROUND(M78,0),"null") -> 58 | X78: =IF(AND($A79=$A78,$U78=100,$U79=100),"fullaccesss","") | Y78: =IF(AND($A79=$A78,$V78=100,$V79=100),"fullaccesss","") | Z78: =IF(AND($A79=$A78,$W78=100,$W79=100),"fullaccesss","") | AA78: =IFERROR(IF(AND(S78<>"",T78<>""),S78-T78,""),"null") -> 0.86312408 | AB78: =LOOKUP($A78,Sheet2!$A$1:$B$233) -> Sub-Saharan Africa
A79: Central African Republic | B79: 2020 | C79: 4829.7642 | D79: 42.197998 | E79: 37.202402 | F79: 25.682373 | G79: 33.539114 | H79: 3.5761107 | I79: 28.106594 | J79: 19.40589 | K79: 46.373073 | L79: 6.1144429 | M79: 49.661665 | N79: 34.27978 | O79: 15.959402 | P79: 0.099152817 | Q79: =IF(A80=A79,B80-B79,"") | R79: =IFERROR(IF($A80=$A79,($E80-$E79)/($B80-$B79),""),"null") | S79: =IFERROR(IF($A80=$A79,($I80-$I79)/($B80-$B79),""),"null") | T79: =IFERROR(IF($A80=$A79,($M80-$M79)/($B80-$B79),""),"null") | U79: =IFERROR(ROUND(E79,0),"null") -> 37 | V79: =IFERROR(ROUND(I79,0),"null") -> 28 | W79: =IFERROR(ROUND(M79,0),"null") -> 50 | X79: =IF(AND($A80=$A79,$U79=100,$U80=100),"fullaccesss","") | Y79: =IF(AND($A80=$A79,$V79=100,$V80=100),"fullaccesss","") | Z79: =IF(AND($A80=$A79,$W79=100,$W80=100),"fullaccesss","") | AA79: =IFERROR(IF(AND(S79<>"",T79<>""),S79-T79,""),"null") | AB79: =LOOKUP($A79,Sheet2!$A$1:$B$233) -> Sub-Saharan Africa
A80: Chad | B80: 2015 | C80: 14110.971 | D80: 22.515001 | E80: 44.399097 | F80: 13.516383 | G80: 34.70274 | H80: 7.38178 | I80: 35.578901 | J80: 13.876414 | K80: 41.266156 | L80: 9.2785288 | M80: 74.753652 | N80: 12.277342 | O80: 12.114856 | P80: 0.85414997 | Q80: =IF(A81=A80,B81-B80,"") -> 5 | R80: =IFERROR(IF($A81=$A80,($E81-$E80)/($B81-$B80),""),"null") -> 0.35768756 | S80: =IFERROR(IF($A81=$A80,($I81-$I80)/($B81-$B80),""),"null") -> 0.3992629 | T80: =IFERROR(IF($A81=$A80,($M81-$M80)/($B81-$B80),""),"null") -> -0.11228574 | U80: =IFERROR(ROUND(E80,0),"null") -> 44 | V80: =IFERROR(ROUND(I80,0),"null") -> 36 | W80: =IFERROR(ROUND(M80,0),"null") -> 75 | X80: =IF(AND($A81=$A80,$U80=100,$U81=100),"fullaccesss","") | Y80: =IF(AND($A81=$A80,$V80=100,$V81=100),"fullaccesss","") | Z80: =IF(AND($A81=$A80,$W80=100,$W81=100),"fullaccesss","") | AA80: =IFERROR(IF(AND(S80<>"",T80<>""),S80-T80,""),"null") -> 0.51154864 | AB80: =LOOKUP($A80,Sheet2!$A$1:$B$233) -> Sub-Saharan Africa
A81: Chad | B81: 2020 | C81: 16425.859 | D81: 23.52 | E81: 46.187535 | F81: 14.740289 | G81: 31.562457 | H81: 7.5097188 | I81: 37.575215 | J81: 14.353961 | K81: 38.524968 | L81: 9.545856 | M81: 74.192223 | N81: 15.996514 | O81: 8.9224527 | P81: 0.88881038 | Q81: =IF(A82=A81,B82-B81,"") | R81: =IFERROR(IF($A82=$A81,($E82-$E81)/($B82-$B81),""),"null") | S81: =IFERROR(IF($A82=$A81,($I82-$I81)/($B82-$B81),""),"null") | T81: =IFERROR(IF($A82=$A81,($M82-$M81)/($B82-$B81),""),"null") | U81: =IFERROR(ROUND(E81,0),"null") -> 46 | V81: =IFERROR(ROUND(I81,0),"null") -> 38 | W81: =IFERROR(ROUND(M81,0),"null") -> 74 | X81: =IF(AND($A82=$A81,$U81=100,$U82=100),"fullaccesss","") | Y81: =IF(AND($A82=$A81,$V81=100,$V82=100),"fullaccesss","") | Z81: =IF(AND($A82=$A81,$W81=100,$W82=100),"fullaccesss","") | AA81: =IFERROR(IF(AND(S81<>"",T81<>""),S81-T81,""),"null") | AB81: =LOOKUP($A81,Sheet2!$A$1:$B$233) -> Sub-Saharan Africa
A82: Channel Islands | B82: 2015 | C82: 165.38699 | D82: 30.961998 | E82: 94.15 | F82: 0 | G82: 5.85 | H82: 0 | I82: null | J82: null | K82: null | L82: null | M82: null | N82: null | O82: null | P82: null | Q82: =IF(A83=A82,B83-B82,"") -> 2 | R82: =IFERROR(IF($A83=$A82,($E83-$E82)/($B83-$B82),""),"null") -> 0 | S82: =IFERROR(IF($A83=$A82,($I83-$I82)/($B83-$B82),""),"null") -> null | T82: =IFERROR(IF($A83=$A82,($M83-$M82)/($B83-$B82),""),"null") -> null | U82: =IFERROR(ROUND(E82,0),"null") -> 94 | V82: =IFERROR(ROUND(I82,0),"null") -> null | W82: =IFERROR(ROUND(M82,0),"null") -> null | X82: =IF(AND($A83=$A82,$U82=100,$U83=100),"fullaccesss","") | Y82: =IF(AND($A83=$A82,$V82=100,$V83=100),"fullaccesss","") | Z82: =IF(AND($A83=$A82,$W82=100,$W83=100),"fullaccesss","") | AA82: =IFERROR(IF(AND(S82<>"",T82<>""),S82-T82,""),"null") -> null | AB82: =LOOKUP($A82,Sheet2!$A$1:$B$233) -> Europe & Central Asia
A83: Channel Islands | B83: 2017 | C83: 168.666 | D83: 30.914 | E83: 94.15 | F83: 0 | G83: 5.85 | H83: 0 | I83: null | J83: null | K83: null | L83: null | M83: null | N83: null | O83: null | P83: null | Q83: =IF(A84=A83,B84-B83,"") | R83: =IFERROR(IF($A84=$A83,($E84-$E83)/($B84-$B83),""),"null") | S83: =IFERROR(IF($A84=$A83,($I84-$I83)/($B84-$B83),""),"null") | T83: =IFERROR(IF($A84=$A83,($M84-$M83)/($B84-$B83),""),"null") | U83: =IFERROR(ROUND(E83,0),"null") -> 94 | V83: =IFERROR(ROUND(I83,0),"null") -> null | W83: =IFERROR(ROUND(M83,0),"null") -> null | X83: =IF(AND($A84=$A83,$U83=100,$U84=100),"fullaccesss","") | Y83: =IF(AND($A84=$A83,$V83=100,$V84=100),"fullaccesss","") | Z83: =IF(AND($A84=$A83,$W83=100,$W84=100),"fullaccesss","") | AA83: =IFERROR(IF(AND(S83<>"",T83<>""),S83-T83,""),"null") | AB83: =LOOKUP($A83,Sheet2!$A$1:$B$233) -> Europe & Central Asia
A84: Chile | B84: 2015 | C84: 17969.355 | D84: 87.360001 | E84: 99.506493 | F84: 0 | G84: 0.49350728 | H84: 0 | I84: 97.067699 | J84: 0 | K84: 2.9323015 | L84: 0 | M84: 99.859357 | N84: 0 | O84: 0.14064302 | P84: 0 | Q84: =IF(A85=A84,B85-B84,"") -> 5 | R84: =IFERROR(IF($A85=$A84,($E85-$E84)/($B85-$B84),""),"null") -> 0.0987012 | S84: =IFERROR(IF($A85=$A84,($I85-$I84)/($B85-$B84),""),"null") -> 0.5864603 | T84: =IFERROR(IF($A85=$A84,($M85-$M84)/($B85-$B84),""),"null") -> 0.028128604 | U84: =IFERROR(ROUND(E84,0),"null") -> 100 | V84: =IFERROR(ROUND(I84,0),"null") -> 97 | W84: =IFERROR(ROUND(M84,0),"null") -> 100 | X84: =IF(AND($A85=$A84,$U84=100,$U85=100),"fullaccesss","") -> fullaccesss | Y84: =IF(AND($A85=$A84,$V84=100,$V85=100),"fullaccesss","") | Z84: =IF(AND($A85=$A84,$W84=100,$W85=100),"fullaccesss","") -> fullaccesss | AA84: =IFERROR(IF(AND(S84<>"",T84<>""),S84-T84,""),"null") -> 0.5583317 | AB84: =LOOKUP($A84,Sheet2!$A$1:$B$233) -> Latin America & Caribbean
A85: Chile | B85: 2020 | C85: 19116.209 | D85: 87.726997 | E85: 99.999999 | F85: 0 | G85: 1.2771393e-06 | H85: 0 | I85: 100 | J85: 0 | K85: 0 | L85: 0 | M85: 100 | N85: 0 | O85: 0 | P85: 0 | Q85: =IF(A86=A85,B86-B85,"") | R85: =IFERROR(IF($A86=$A85,($E86-$E85)/($B86-$B85),""),"null") | S85: =IFERROR(IF($A86=$A85,($I86-$I85)/($B86-$B85),""),"null") | T85: =IFERROR(IF($A86=$A85,($M86-$M85)/($B86-$B85),""),"null") | U85: =IFERROR(ROUND(E85,0),"null") -> 100 | V85: =IFERROR(ROUND(I85,0),"null") -> 100 | W85: =IFERROR(ROUND(M85,0),"null") -> 100 | X85: =IF(AND($A86=$A85,$U85=100,$U86=100),"fullaccesss","") | Y85: =IF(AND($A86=$A85,$V85=100,$V86=100),"fullaccesss","") | Z85: =IF(AND($A86=$A85,$W85=100,$W86=100),"fullaccesss","") | AA85: =IFERROR(IF(AND(S85<>"",T85<>""),S85-T85,""),"null") | AB85: =LOOKUP($A85,Sheet2!$A$1:$B$233) -> Latin America & Caribbean
A86: China | B86: 2015 | C86: 1430405.4 | D86: 55.852707 | E86: 91.762641 | F86: 0.81876266 | G86: 6.7820774 | H86: 0.6365187 | I86: 84.479188 | J86: 1.5118631 | K86: 12.952949 | L86: 1.056 | M86: 97.519654 | N86: 0.2709198 | O86: 1.9044754 | P86: 0.30495082 | Q86: =IF(A87=A86,B87-B86,"") -> 5 | R86: =IFERROR(IF($A87=$A86,($E87-$E86)/($B87-$B86),""),"null") -> 0.49969387 | S86: =IFERROR(IF($A87=$A86,($I87-$I86)/($B87-$B86),""),"null") -> 1.0364091 | T86: =IFERROR(IF($A87=$A86,($M87-$M86)/($B87-$B86),""),"null") -> -0.08095426 | U86: =IFERROR(ROUND(E86,0),"null") -> 92 | V86: =IFERROR(ROUND(I86,0),"null") -> 84 | W86: =IFERROR(ROUND(M86,0),"null") -> 98 | X86: =IF(AND($A87=$A86,$U86=100,$U87=100),"fullaccesss","") | Y86: =IF(AND($A87=$A86,$V86=100,$V87=100),"fullaccesss","") | Z86: =IF(AND($A87=$A86,$W86=100,$W87=100),"fullaccesss","") | AA86: =IFERROR(IF(AND(S86<>"",T86<>""),S86-T86,""),"null") -> 1.1173634 | AB86: =LOOKUP($A86,Sheet2!$A$1:$B$233) -> East Asia & Pacific
A87: China | B87: 2020 | C87: 1463140.5 | D87: 61.713089 | E87: 94.261111 | F87: 0.81472133 | G87: 4.7254519 | H87: 0.19871614 | I87: 89.661234 | J87: 1.8326791 | K87: 8.5060874 | L87: 0 | M87: 97.114883 | N87: 0.18317849 | O87: 2.3799388 | P87: 0.322 | Q87: =IF(A88=A87,B88-B87,"") | R87: =IFERROR(IF($A88=$A87,($E88-$E87)/($B88-$B87),""),"null") | S87: =IFERROR(IF($A88=$A87,($I88-$I87)/($B88-$B87),""),"null") | T87: =IFERROR(IF($A88=$A87,($M88-$M87)/($B88-$B87),""),"null") | U87: =IFERROR(ROUND(E87,0),"null") -> 94 | V87: =IFERROR(ROUND(I87,0),"null") -> 90 | W87: =IFERROR(ROUND(M87,0),"null") -> 97 | X87: =IF(AND($A88=$A87,$U87=100,$U88=100),"fullaccesss","") | Y87: =IF(AND($A88=$A87,$V87=100,$V88=100),"fullaccesss","") | Z87: =IF(AND($A88=$A87,$W87=100,$W88=100),"fullaccesss","") | AA87: =IFERROR(IF(AND(S87<>"",T87<>""),S87-T87,""),"null") | AB87: =LOOKUP($A87,Sheet2!$A$1:$B$233) -> East Asia & Pacific
A88: China, Hong Kong SAR | B88: 2015 | C88: 7185.9922 | D88: 100 | E88: 100 | F88: 0 | G88: 0 | H88: 0 | I88: null | J88: null | K88: null | L88: null | M88: 100 | N88: 0 | O88: 0 | P88: 0 | Q88: =IF(A89=A88,B89-B88,"") -> 5 | R88: =IFERROR(IF($A89=$A88,($E89-$E88)/($B89-$B88),""),"null") -> 0 | S88: =IFERROR(IF($A89=$A88,($I89-$I88)/($B89-$B88),""),"null") -> null | T88: =IFERROR(IF($A89=$A88,($M89-$M88)/($B89-$B88),""),"null") -> 0 | U88: =IFERROR(ROUND(E88,0),"null") -> 100 | V88: =IFERROR(ROUND(I88,0),"null") -> null | W88: =IFERROR(ROUND(M88,0),"null") -> 100 | X88: =IF(AND($A89=$A88,$U88=100,$U89=100),"fullaccesss","") -> fullaccesss | Y88: =IF(AND($A89=$A88,$V88=100,$V89=100),"fullaccesss","") | Z88: =IF(AND($A89=$A88,$W88=100,$W89=100),"fullaccesss","") -> fullaccesss | AA88: =IFERROR(IF(AND(S88<>"",T88<>""),S88-T88,""),"null") -> null | AB88: =LOOKUP($A88,Sheet2!$A$1:$B$233) -> East Asia & Pacific
A89: China, Hong Kong SAR | B89: 2020 | C89: 7496.9878 | D89: 100 | E89: 100 | F89: 0 | G89: 0 | H89: 0 | I89: null | J89: null | K89: null | L89: null | M89: 100 | N89: 0 | O89: 0 | P89: 0 | Q89: =IF(A90=A89,B90-B89,"") | R89: =IFERROR(IF($A90=$A89,($E90-$E89)/($B90-$B89),""),"null") | S89: =IFERROR(IF($A90=$A89,($I90-$I89)/($B90-$B89),""),"null") | T89: =IFERROR(IF($A90=$A89,($M90-$M89)/($B90-$B89),""),"null") | U89: =IFERROR(ROUND(E89,0),"null") -> 100 | V89: =IFERROR(ROUND(I89,0),"null") -> null | W89: =IFERROR(ROUND(M89,0),"null") -> 100 | X89: =IF(AND($A90=$A89,$U89=100,$U90=100),"fullaccesss","") | Y89: =IF(AND($A90=$A89,$V89=100,$V90=100),"fullaccesss","") | Z89: =IF(AND($A90=$A89,$W89=100,$W90=100),"fullaccesss","") | AA89: =IFERROR(IF(AND(S89<>"",T89<>""),S89-T89,""),"null") | AB89: =LOOKUP($A89,Sheet2!$A$1:$B$233) -> East Asia & Pacific
A90: China, Macao SAR | B90: 2015 | C90: 602.09302 | D90: 100 | E90: 100 | F90: 0 | G90: 0 | H90: 0 | I90: null | J90: null | K90: null | L90: null | M90: 100 | N90: 0 | O90: 0 | P90: 0 | Q90: =IF(A91=A90,B91-B90,"") -> 5 | R90: =IFERROR(IF($A91=$A90,($E91-$E90)/($B91-$B90),""),"null") -> 0 | S90: =IFERROR(IF($A91=$A90,($I91-$I90)/($B91-$B90),""),"null") -> null | T90: =IFERROR(IF($A91=$A90,($M91-$M90)/($B91-$B90),""),"null") -> 0 | U90: =IFERROR(ROUND(E90,0),"null") -> 100 | V90: =IFERROR(ROUND(I90,0),"null") -> null | W90: =IFERROR(ROUND(M90,0),"null") -> 100 | X90: =IF(AND($A91=$A90,$U90=100,$U91=100),"fullaccesss","") -> fullaccesss | Y90: =IF(AND($A91=$A90,$V90=100,$V91=100),"fullaccesss","") | Z90: =IF(AND($A91=$A90,$W90=100,$W91=100),"fullaccesss","") -> fullaccesss | AA90: =IFERROR(IF(AND(S90<>"",T90<>""),S90-T90,""),"null") -> null | AB90: =LOOKUP($A90,Sheet2!$A$1:$B$233) -> East Asia & Pacific
A91: China, Macao SAR | B91: 2020 | C91: 649.34198 | D91: 100 | E91: 100 | F91: 0 | G91: 0 | H91: 0 | I91: null | J91: null | K91: null | L91: null | M91: 100 | N91: 0 | O91: 0 | P91: 0 | Q91: =IF(A92=A91,B92-B91,"") | R91: =IFERROR(IF($A92=$A91,($E92-$E91)/($B92-$B91),""),"null") | S91: =IFERROR(IF($A92=$A91,($I92-$I91)/($B92-$B91),""),"null") | T91: =IFERROR(IF($A92=$A91,($M92-$M91)/($B92-$B91),""),"null") | U91: =IFERROR(ROUND(E91,0),"null") -> 100 | V91: =IFERROR(ROUND(I91,0),"null") -> null | W91: =IFERROR(ROUND(M91,0),"null") -> 100 | X91: =IF(AND($A92=$A91,$U91=100,$U92=100),"fullaccesss","") | Y91: =IF(AND($A92=$A91,$V91=100,$V92=100),"fullaccesss","") | Z91: =IF(AND($A92=$A91,$W91=100,$W92=100),"fullaccesss","") | AA91: =IFERROR(IF(AND(S91<>"",T91<>""),S91-T91,""),"null") | AB91: =LOOKUP($A91,Sheet2!$A$1:$B$233) -> East Asia & Pacific
A92: Colombia | B92: 2015 | C92: 47520.668 | D92: 79.764 | E92: 96.335868 | F92: 0.18405199 | G92: 1.7034451 | H92: 1.7766348 | I92: 83.273726 | J92: 0.68766563 | K92: 7.2590324 | L92: 8.7795762 | M92: 99.649712 | N92: 0.05628603 | O92: 0.2940016 | P92: 0 | Q92: =IF(A93=A92,B93-B92,"") -> 5 | R92: =IFERROR(IF($A93=$A92,($E93-$E92)/($B93-$B92),""),"null") -> 0.2311578 | S92: =IFERROR(IF($A93=$A92,($I93-$I92)/($B93-$B92),""),"null") -> 0.69866939 | T92: =IFERROR(IF($A93=$A92,($M93-$M92)/($B93-$B92),""),"null") -> 0.057696086 | U92: =IFERROR(ROUND(E92,0),"null") -> 96 | V92: =IFERROR(ROUND(I92,0),"null") -> 83 | W92: =IFERROR(ROUND(M92,0),"null") -> 100 | X92: =IF(AND($A93=$A92,$U92=100,$U93=100),"fullaccesss","") | Y92: =IF(AND($A93=$A92,$V92=100,$V93=100),"fullaccesss","") | Z92: =IF(AND($A93=$A92,$W92=100,$W93=100),"fullaccesss","") -> fullaccesss | AA92: =IFERROR(IF(AND(S92<>"",T92<>""),S92-T92,""),"null") -> 0.64097331 | AB92: =LOOKUP($A92,Sheet2!$A$1:$B$233) -> Latin America & Caribbean
A93: Colombia | B93: 2020 | C93: 50882.883 | D93: 81.424995 | E93: 97.491657 | F93: 0.18615216 | G93: 0.95361622 | H93: 1.3685745 | I93: 86.767073 | J93: 0.7312282 | K93: 5.133869 | L93: 7.36783 | M93: 99.938193 | N93: 0.0618072 | O93: 0 | P93: 0 | Q93: =IF(A94=A93,B94-B93,"") | R93: =IFERROR(IF($A94=$A93,($E94-$E93)/($B94-$B93),""),"null") | S93: =IFERROR(IF($A94=$A93,($I94-$I93)/($B94-$B93),""),"null") | T93: =IFERROR(IF($A94=$A93,($M94-$M93)/($B94-$B93),""),"null") | U93: =IFERROR(ROUND(E93,0),"null") -> 97 | V93: =IFERROR(ROUND(I93,0),"null") -> 87 | W93: =IFERROR(ROUND(M93,0),"null") -> 100 | X93: =IF(AND($A94=$A93,$U93=100,$U94=100),"fullaccesss","") | Y93: =IF(AND($A94=$A93,$V93=100,$V94=100),"fullaccesss","") | Z93: =IF(AND($A94=$A93,$W93=100,$W94=100),"fullaccesss","") | AA93: =IFERROR(IF(AND(S93<>"",T93<>""),S93-T93,""),"null") | AB93: =LOOKUP($A93,Sheet2!$A$1:$B$233) -> Latin America & Caribbean
A94: Comoros | B94: 2015 | C94: 777.435 | D94: 28.470001 | E94: 80.132 | F94: 10.877265 | G94: 8.3951934 | H94: 0.59554149 | I94: 76.911723 | J94: 11.568647 | K94: 10.822454 | L94: 0.69717486 | M94: 88.222846 | N94: 9.1401885 | O94: 2.2967751 | P94: 0.3401908 | Q94: =IF(A95=A94,B95-B94,"") -> 4 | R94: =IFERROR(IF($A95=$A94,($E95-$E94)/($B95-$B94),""),"null") -> 0.019624433 | S94: =IFERROR(IF($A95=$A94,($I95-$I94)/($B95-$B94),""),"null") -> 0 | T94: =IFERROR(IF($A95=$A94,($M95-$M94)/($B95-$B94),""),"null") -> 0 | U94: =IFERROR(ROUND(E94,0),"null") -> 80 | V94: =IFERROR(ROUND(I94,0),"null") -> 77 | W94: =IFERROR(ROUND(M94,0),"null") -> 88 | X94: =IF(AND($A95=$A94,$U94=100,$U95=100),"fullaccesss","") | Y94: =IF(AND($A95=$A94,$V94=100,$V95=100),"fullaccesss","") | Z94: =IF(AND($A95=$A94,$W94=100,$W95=100),"fullaccesss","") | AA94: =IFERROR(IF(AND(S94<>"",T94<>""),S94-T94,""),"null") -> 0 | AB94: =LOOKUP($A94,Sheet2!$A$1:$B$233) -> Sub-Saharan Africa
A95: Comoros | B95: 2019 | C95: 850.89099 | D95: 29.164001 | E95: 80.210498 | F95: 10.860411 | G95: 8.9290909 | H95: null | I95: 76.911723 | J95: 11.568647 | K95: 11.519629 | L95: null | M95: 88.222846 | N95: 9.1401885 | O95: 2.2967751 | P95: 0.3401908 | Q95: =IF(A96=A95,B96-B95,"") | R95: =IFERROR(IF($A96=$A95,($E96-$E95)/($B96-$B95),""),"null") | S95: =IFERROR(IF($A96=$A95,($I96-$I95)/($B96-$B95),""),"null") | T95: =IFERROR(IF($A96=$A95,($M96-$M95)/($B96-$B95),""),"null") | U95: =IFERROR(ROUND(E95,0),"null") -> 80 | V95: =IFERROR(ROUND(I95,0),"null") -> 77 | W95: =IFERROR(ROUND(M95,0),"null") -> 88 | X95: =IF(AND($A96=$A95,$U95=100,$U96=100),"fullaccesss","") | Y95: =IF(AND($A96=$A95,$V95=100,$V96=100),"fullaccesss","") | Z95: =IF(AND($A96=$A95,$W95=100,$W96=100),"fullaccesss","") | AA95: =IFERROR(IF(AND(S95<>"",T95<>""),S95-T95,""),"null") | AB95: =LOOKUP($A95,Sheet2!$A$1:$B$233) -> Sub-Saharan Africa
A96: Congo | B96: 2015 | C96: 4856.0928 | D96: 65.542999 | E96: 71.149582 | F96: 10.510526 | G96: 11.662046 | H96: 6.6778459 | I96: 41.391836 | J96: 10.739573 | K96: 28.501849 | L96: 19.366743 | M96: 86.793705 | N96: 10.390113 | O96: 2.8090907 | P96: 0.0070910959 | Q96: =IF(A97=A96,B97-B96,"") -> 5 | R96: =IFERROR(IF($A97=$A96,($E97-$E96)/($B97-$B96),""),"null") -> 0.52698596 | S96: =IFERROR(IF($A97=$A96,($I97-$I96)/($B97-$B96),""),"null") -> 0.86651545 | T96: =IFERROR(IF($A97=$A96,($M97-$M96)/($B97-$B96),""),"null") -> 0.0599182 | U96: =IFERROR(ROUND(E96,0),"null") -> 71 | V96: =IFERROR(ROUND(I96,0),"null") -> 41 | W96: =IFERROR(ROUND(M96,0),"null") -> 87 | X96: =IF(AND($A97=$A96,$U96=100,$U97=100),"fullaccesss","") | Y96: =IF(AND($A97=$A96,$V96=100,$V97=100),"fullaccesss","") | Z96: =IF(AND($A97=$A96,$W96=100,$W97=100),"fullaccesss","") | AA96: =IFERROR(IF(AND(S96<>"",T96<>""),S96-T96,""),"null") -> 0.80659725 | AB96: =LOOKUP($A96,Sheet2!$A$1:$B$233) -> Sub-Saharan Africa
A97: Congo | B97: 2020 | C97: 5518.0918 | D97: 67.829002 | E97: 73.784512 | F97: 10.461172 | G97: 9.5591807 | H97: 6.1951357 | I97: 45.724413 | J97: 10.63239 | K97: 24.40517 | L97: 19.238027 | M97: 87.093296 | N97: 10.379964 | O97: 2.51779 | P97: 0.0089494521 | Q97: =IF(A98=A97,B98-B97,"") | R97: =IFERROR(IF($A98=$A97,($E98-$E97)/($B98-$B97),""),"null") | S97: =IFERROR(IF($A98=$A97,($I98-$I97)/($B98-$B97),""),"null") | T97: =IFERROR(IF($A98=$A97,($M98-$M97)/($B98-$B97),""),"null") | U97: =IFERROR(ROUND(E97,0),"null") -> 74 | V97: =IFERROR(ROUND(I97,0),"null") -> 46 | W97: =IFERROR(ROUND(M97,0),"null") -> 87 | X97: =IF(AND($A98=$A97,$U97=100,$U98=100),"fullaccesss","") | Y97: =IF(AND($A98=$A97,$V97=100,$V98=100),"fullaccesss","") | Z97: =IF(AND($A98=$A97,$W97=100,$W98=100),"fullaccesss","") | AA97: =IFERROR(IF(AND(S97<>"",T97<>""),S97-T97,""),"null") | AB97: =LOOKUP($A97,Sheet2!$A$1:$B$233) -> Sub-Saharan Africa
A98: Cook Islands | B98: 2015 | C98: 17.580999 | D98: 74.403999 | E98: 99.953671 | F98: 0 | G98: 0.046328976 | H98: 0 | I98: null | J98: null | K98: null | L98: null | M98: null | N98: null | O98: null | P98: null | Q98: =IF(A99=A98,B99-B98,"") -> 5 | R98: =IFERROR(IF($A99=$A98,($E99-$E98)/($B99-$B98),""),"null") -> 0.00358784 | S98: =IFERROR(IF($A99=$A98,($I99-$I98)/($B99-$B98),""),"null") -> null | T98: =IFERROR(IF($A99=$A98,($M99-$M98)/($B99-$B98),""),"null") -> null | U98: =IFERROR(ROUND(E98,0),"null") -> 100 | V98: =IFERROR(ROUND(I98,0),"null") -> null | W98: =IFERROR(ROUND(M98,0),"null") -> null | X98: =IF(AND($A99=$A98,$U98=100,$U99=100),"fullaccesss","") -> fullaccesss | Y98: =IF(AND($A99=$A98,$V98=100,$V99=100),"fullaccesss","") | Z98: =IF(AND($A99=$A98,$W98=100,$W99=100),"fullaccesss","") | AA98: =IFERROR(IF(AND(S98<>"",T98<>""),S98-T98,""),"null") -> null | AB98: =LOOKUP($A98,Sheet2!$A$1:$B$233) -> East Asia & Pacific
A99: Cook Islands | B99: 2020 | C99: 17.563999 | D99: 75.495003 | E99: 99.97161 | F99: 0 | G99: 0.028389783 | H99: 0 | I99: null | J99: null | K99: null | L99: null | M99: null | N99: null | O99: null | P99: null | Q99: =IF(A100=A99,B100-B99,"") | R99: =IFERROR(IF($A100=$A99,($E100-$E99)/($B100-$B99),""),"null") | S99: =IFERROR(IF($A100=$A99,($I100-$I99)/($B100-$B99),""),"null") | T99: =IFERROR(IF($A100=$A99,($M100-$M99)/($B100-$B99),""),"null") | U99: =IFERROR(ROUND(E99,0),"null") -> 100 | V99: =IFERROR(ROUND(I99,0),"null") -> null | W99: =IFERROR(ROUND(M99,0),"null") -> null | X99: =IF(AND($A100=$A99,$U99=100,$U100=100),"fullaccesss","") | Y99: =IF(AND($A100=$A99,$V99=100,$V100=100),"fullaccesss","") | Z99: =IF(AND($A100=$A99,$W99=100,$W100=100),"fullaccesss","") | AA99: =IFERROR(IF(AND(S99<>"",T99<>""),S99-T99,""),"null") | AB99: =LOOKUP($A99,Sheet2!$A$1:$B$233) -> East Asia & Pacific
A100: Costa Rica | B100: 2015 | C100: 4847.8052 | D100: 76.862 | E100: 99.378687 | F100: 0.25413038 | G100: 0.21133502 | H100: 0.15584778 | I100: 98.186032 | J100: 0.41006115 | K100: 0.73034858 | L100: 0.67355778 | M100: 99.737715 | N100: 0.20719007 | O100: 0.055094818 | P100: 0 | Q100: =IF(A101=A100,B101-B100,"") -> 5 | R100: =IFERROR(IF($A101=$A100,($E101-$E100)/($B101-$B100),""),"null") -> 0.086370022 | S100: =IFERROR(IF($A101=$A100,($I101-$I100)/($B101-$B100),""),"null") -> 0.2920435 | T100: =IFERROR(IF($A101=$A100,($M101-$M100)/($B101-$B100),""),"null") -> 0.02238755 | U100: =IFERROR(ROUND(E100,0),"null") -> 99 | V100: =IFERROR(ROUND(I100,0),"null") -> 98 | W100: =IFERROR(ROUND(M100,0),"null") -> 100 | X100: =IF(AND($A101=$A100,$U100=100,$U101=100),"fullaccesss","") | Y100: =IF(AND($A101=$A100,$V100=100,$V101=100),"fullaccesss","") | Z100: =IF(AND($A101=$A100,$W100=100,$W101=100),"fullaccesss","") -> fullaccesss | AA100: =IFERROR(IF(AND(S100<>"",T100<>""),S100-T100,""),"null") -> 0.26965595 | AB100: =LOOKUP($A100,Sheet2!$A$1:$B$233) -> Latin America & Caribbean
A101: Costa Rica | B101: 2020 | C101: 5094.1138 | D101: 80.770996 | E101: 99.810537 | F101: 0.18945947 | G101: 3.5944519e-06 | H101: 0 | I101: 99.64625 | J101: 0.35375 | K101: 0 | L101: 0 | M101: 99.849653 | N101: 0.15034714 | O101: 0 | P101: 0 | Q101: =IF(A102=A101,B102-B101,"") | R101: =IFERROR(IF($A102=$A101,($E102-$E101)/($B102-$B101),""),"null") | S101: =IFERROR(IF($A102=$A101,($I102-$I101)/($B102-$B101),""),"null") | T101: =IFERROR(IF($A102=$A101,($M102-$M101)/($B102-$B101),""),"null") | U101: =IFERROR(ROUND(E101,0),"null") -> 100 | V101: =IFERROR(ROUND(I101,0),"null") -> 100 | W101: =IFERROR(ROUND(M101,0),"null") -> 100 | X101: =IF(AND($A102=$A101,$U101=100,$U102=100),"fullaccesss","") | Y101: =IF(AND($A102=$A101,$V101=100,$V102=100),"fullaccesss","") | Z101: =IF(AND($A102=$A101,$W101=100,$W102=100),"fullaccesss","") | AA101: =IFERROR(IF(AND(S101<>"",T101<>""),S101-T101,""),"null") | AB101: =LOOKUP($A101,Sheet2!$A$1:$B$233) -> Latin America & Caribbean
...

Sheet Pivot Table 3
A2: Region | B2: AVERAGE of ARC_n | C2: AVERAGE of ARC_r | D2: AVERAGE of ARC_u
A3: East Asia & Pacific | B3: 0.2784349 | C3: 0.5077948 | D3: 0.23295792
A4: Europe & Central Asia | B4: 0.11168578 | C4: 0.22440971 | D4: 0.046995216
A5: Latin America & Caribbean | B5: 0.14442485 | C5: 0.6803145 | D5: 0.071521594
A6: Middle East & North Africa | B6: 0.34556302 | C6: 0.73698723 | D6: 0.12397804
A7: North America | B7: 0.017158396 | C7: 0.14233131 | D7: 0.0020331735
A8: South Asia | B8: 0.25322079 | C8: 0.34827083 | D8: 0.025216355
A9: Sub-Saharan Africa | B9: 0.55828082 | C9: 0.60421592 | D9: 0.27036667
A10: #N/A | B10: 2.7503265 | C10: 2.6678826 | D10: 2.6682119
A11: Grand Total | B11: 0.27674414 | C11: 0.4844937 | D11: 0.1548234

Sheet Summary sheet
B1: Average | C1: Minimum | D1: Maximum
A2: y_diff | B2: =ROUND(AVERAGE('Estimates of the use of water ('!$Q$2:$Q$463),2) -> 4.8 | C2: =MIN('Estimates of the use of water ('!$Q$2:$Q$463) -> 1 | D2: =MAX('Estimates of the use of water ('!$Q$2:$Q$463) -> 5
A3: ARC_n | B3: =AVERAGE('Estimates of the use of water ('!$R$2:$R$463) -> 0.27674414 | C3: =MIN('Estimates of the use of water ('!$R$2:$R$463) -> -1.0217887 | D3: =MAX('Estimates of the use of water ('!$R$2:$R$463) -> 2.7503265
A4: ARC_r | B4: =AVERAGE('Estimates of the use of water ('!$S$2:$S$463) -> 0.4844937 | C4: =MIN('Estimates of the use of water ('!$S$2:$S$463) -> -1.227381 | D4: =MAX('Estimates of the use of water ('!$S$2:$S$463) -> 2.6678826
A5: ARC_u | B5: =AVERAGE('Estimates of the use of water ('!$T$2:$T$463) -> 0.1548234 | C5: =MIN('Estimates of the use of water ('!$T$2:$T$463) -> -1.6200868 | D5: =MAX('Estimates of the use of water ('!$T$2:$T$463) -> 2.6682119
B6: count
A7: Number of countries that have missing ARc_n value (null) | B7: 2
A8: Number of countries that have missing ARC_r value (null) | B8: 64
A9: Number of countries that have missing ARc_u value (null) | B9: 50
B10: count
A11: ARC_n_full | B11: =COUNTIF('Estimates of the use of water ('!X$2:X$463,"fullaccesss") -> 62
A12: ARC_r_full | B12: =COUNTIF('Estimates of the use of water ('!Y$2:Y$463,"fullaccesss") -> 29
A13: ARC_u_full | B13: =COUNTIF('Estimates of the use of water ('!Z$2:Z$463,"fullaccesss") -> 55
B14: count
A15: ARC_n=0 and doesn't have full access | B15: =COUNTIFS('Estimates of the use of water ('!R2:R463,"=0",'Estimates of the use of water ('!X2:X463, "<>fullaccesss") -> 16
A16: ARC_r=o and doesn't have full access | B16: =COUNTIFS('Estimates of the use of water ('!S2:S463,"=0",'Estimates of the use of water ('!Y2:Y463, "<>fullaccesss") -> 5
A17: ARC_u=o and doesn't have full access | B17: =COUNTIFS('Estimates of the use of water ('!T2:T463,"=0",'Estimates of the use of water ('!Z2:Z463, "<>fullaccesss") -> 7
B18: count
A19: ARC_n<0 and doesn't have full access | B19: =COUNTIFS('Estimates of the use of water ('!R2:R463,"<0",'Estimates of the use of water ('!X2:X463, "<>fullaccesss") -> 16
A20: ARC_r<o and doesn't have full access | B20: =COUNTIFS('Estimates of the use of water ('!S2:S463,"<0",'Estimates of the use of water ('!Y2:Y463, "<>fullaccesss") -> 17
A21: ARC_u<o and doesn't have full access | B21: =COUNTIFS('Estimates of the use of water ('!T2:T463,"<0",'Estimates of the use of water ('!Z2:Z463, "<>fullaccesss") -> 26
B22: count
A23: ARC_n>0 and doesn't have full access | B23: =COUNTIFS('Estimates of the use of water ('!R2:R463,">0",'Estimates of the use of water ('!X2:X463, "<>fullaccesss") -> 135
A24: ARC_r>o and doesn't have full access | B24: =COUNTIFS('Estimates of the use of water ('!S2:S463,">0",'Estimates of the use of water ('!Y2:Y463, "<>fullaccesss") -> 116
A25: ARC_u>o and doesn't have full access | B25: =COUNTIFS('Estimates of the use of water ('!T2:T463,">0",'Estimates of the use of water ('!Z2:Z463, "<>fullaccesss") -> 93

Sheet Sheet2
A1: name | B1: region
A2: Afghanistan | B2: South Asia
A3: Albania | B3: Europe & Central Asia
A4: Algeria | B4: Middle East & North Africa
A5: American Samoa | B5: East Asia & Pacific
A6: Andorra | B6: Europe & Central Asia
A7: Angola | B7: Sub-Saharan Africa
A8: Anguilla | B8: Latin America & Caribbean
A9: Antigua and Barbuda | B9: Latin America & Caribbean
A10: Argentina | B10: Latin America & Caribbean
A11: Armenia | B11: Europe & Central Asia
A12: Aruba | B12: Latin America & Caribbean
... A233: Zimbabwe | B233: Sub-Saharan Africa

Sheet Copy of Estimates of the use of
A1: name | B1: year | C1: pop_n | D1: pop_u | E1: wat_bas_n | F1: wat_lim_n | G1: wat_unimp_n | H1: wat_sur_n | I1: wat_bas_r | J1: wat_lim_r | K1: wat_unimp_r | L1: wat_sur_r | M1: wat_bas_u | N1: wat_lim_u | O1: wat_unimp_u | P1: wat_sur_u | Q1: y_diff | R1: ARC_n | S1: ARC_r | T1: ARC_u | U1: wat_bas_n(rounded) | V1: wat_bas_r(rounded) | W1: wat_bas_u(rounded) | X1: ARC_n_full | Y1: ARC_r_full | Z1: ARC_u_full | AA1: ARC_diff
A2: Afghanistan | B2: 2015 | C2: 34413.602 | D2: 24.802999 | E2: 61.339781 | F2: 3.5111995 | G2: 22.168784 | H2: 12.980236 | I2: 52.988502 | J2: 3.8611366 | K2: 26.553268 | L2: 16.597094 | M2: 86.658941 | N2: 2.4502706 | O2: 8.8760357 | P2: 2.014753 | Q2: =IF(A3=A2,B3-B2,"") -> 5 | R2: =IFERROR(IF($A3=$A2,($E3-$E2)/($B3-$B2),""),"null") -> 2.7503265 | S2: =IFERROR(IF($A3=$A2,($I3-$I2)/($B3-$B2),""),"null") -> 2.6678826 | T2: =IFERROR(IF($A3=$A2,($M3-$M2)/($B3-$B2),""),"null") -> 2.6682119 | U2: =IFERROR(ROUND(E2,0),"null") -> 61 | V2: =IFERROR(ROUND(I2,0),"null") -> 53 | W2: =IFERROR(ROUND(M2,0),"null") -> 87 | X2: =IF(AND($A3=$A2,$U2=100,$U3=100),"fullaccesss","") | Y2: =IF(AND($A3=$A2,$V2=100,$V3=100),"fullaccesss","") | Z2: =IF(AND($A3=$A2,$W2=100,$W3=100),"fullaccesss","") | AA2: =IFERROR(IF(AND(S2<>"",T2<>""),S2-T2,""),"null") -> -0.000329218
A3: Afghanistan | B3: 2020 | C3: 38928.34 | D3: 26.025999 | E3: 75.091413 | F3: 1.4475417 | G3: 14.560263 | H3: 8.9007822 | I3: 66.327915 | J3: 1.9568249 | K3: 19.682949 | L3: 12.032311 | M3: 100 | N3: 0 | O3: 0 | P3: 0 | Q3: =IF(A4=A3,B4-B3,"") | R3: =IFERROR(IF($A4=$A3,($E4-$E3)/($B4-$B3),""),"null") | S3: =IFERROR(IF($A4=$A3,($I4-$I3)/($B4-$B3),""),"null") | T3: =IFERROR(IF($A4=$A3,($M4-$M3)/($B4-$B3),""),"null") | U3: =IFERROR(ROUND(E3,0),"null") -> 75 | V3: =IFERROR(ROUND(I3,0),"null") -> 66 | W3: =IFERROR(ROUND(M3,0),"null") -> 100 | X3: =IF(AND($A4=$A3,$U3=100,$U4=100),"fullaccesss","") | Y3: =IF(AND($A4=$A3,$V3=100,$V4=100),"fullaccesss","") | Z3: =IF(AND($A4=$A3,$W3=100,$W4=100),"fullaccesss","") | AA3: =IFERROR(IF(AND(S3<>"",T3<>""),S3-T3,""),"null")
A4: Albania | B4: 2015 | C4: 2890.5239 | D4: 57.433998 | E4: 93.394325 | F4: 3.6263837 | G4: 2.979291 | H4: 0 | I4: 90.627275 | J4: 5.2631726 | K4: 4.1095527 | L4: 0 | M4: 95.445067 | N4: 2.4133118 | O4: 2.1416212 | P4: 0 | Q4: =IF(A5=A4,B5-B4,"") -> 5 | R4: =IFERROR(IF($A5=$A4,($E5-$E4)/($B5-$B4),""),"null") -> 0.3347427 | S4: =IFERROR(IF($A5=$A4,($I5-$I4)/($B5-$B4),""),"null") -> 0.69281669 | T4: =IFERROR(IF($A5=$A4,($M5-$M4)/($B5-$B4),""),"null") -> 0.043748432 | U4: =IFERROR(ROUND(E4,0),"null") -> 93 | V4: =IFERROR(ROUND(I4,0),"null") -> 91 | W4: =IFERROR(ROUND(M4,0),"null") -> 95 | X4: =IF(AND($A5=$A4,$U4=100,$U5=100),"fullaccesss","") | Y4: =IF(AND($A5=$A4,$V4=100,$V5=100),"fullaccesss","") | Z4: =IF(AND($A5=$A4,$W4=100,$W5=100),"fullaccesss","") | AA4: =IFERROR(IF(AND(S4<>"",T4<>""),S4-T4,""),"null") -> 0.64906826
A5: Albania | B5: 2020 | C5: 2877.8 | D5: 62.112 | E5: 95.068039 | F5: 1.8846561 | G5: 3.0473051 | H5: 0 | I5: 94.091358 | J5: 2.305265 | K5: 3.603377 | L5: 0 | M5: 95.663809 | N5: 1.6280868 | O5: 2.7081041 | P5: 0 | Q5: =IF(A6=A5,B6-B5,"") | R5: =IFERROR(IF($A6=$A5,($E6-$E5)/($B6-$B5),""),"null") | S5: =IFERROR(IF($A6=$A5,($I6-$I5)/($B6-$B5),""),"null") | T5: =IFERROR(IF($A6=$A5,($M6-$M5)/($B6-$B5),""),"null") | U5: =IFERROR(ROUND(E5,0),"null") -> 95 | V5: =IFERROR(ROUND(I5,0),"null") -> 94 | W5: =IFERROR(ROUND(M5,0),"null") -> 96 | X5: =IF(AND($A6=$A5,$U5=100,$U6=100),"fullaccesss","") | Y5: =IF(AND($A6=$A5,$V5=100,$V6=100),"fullaccesss","") | Z5: =IF(AND($A6=$A5,$W5=100,$W6=100),"fullaccesss","") | AA5: =IFERROR(IF(AND(S5<>"",T5<>""),S5-T5,""),"null")
A6: Algeria | B6: 2015 | C6: 39728.02 | D6: 70.848 | E6: 93.409562 | F6: 5.1577809 | G6: 1.2754647 | H6: 0.15719289 | I6: 88.352707 | J6: 8.6857531 | K6: 2.5804318 | L6: 0.38110822 | M6: 95.490315 | N6: 3.7061173 | O6: 0.73851009 | P6: 0.065057898 | Q6: =IF(A7=A6,B7-B6,"") -> 5 | R6: =IFERROR(IF($A7=$A6,($E7-$E6)/($B7-$B6),""),"null") -> 0.20555369 | S6: =IFERROR(IF($A7=$A6,($I7-$I6)/($B7-$B6),""),"null") -> 0.33696621 | T6: =IFERROR(IF($A7=$A6,($M7-$M6)/($B7-$B6),""),"null") -> 0.10288423 | U6: =IFERROR(ROUND(E6,0),"null") -> 93 | V6: =IFERROR(ROUND(I6,0),"null") -> 88 | W6: =IFERROR(ROUND(M6,0),"null") -> 95 | X6: =IF(AND($A7=$A6,$U6=100,$U7=100),"fullaccesss","") | Y6: =IF(AND($A7=$A6,$V6=100,$V7=100),"fullaccesss","") | Z6: =IF(AND($A7=$A6,$W6=100,$W7=100),"fullaccesss","") | AA6: =IFERROR(IF(AND(S6<>"",T6<>""),S6-T6,""),"null") -> 0.23408198
A7: Algeria | B7: 2020 | C7: 43851.043 | D7: 73.733002 | E7: 94.43733 | F7: 4.9858808 | G7: 0.53183666 | H7: 0.044952533 | I7: 90.037538 | J7: 8.7967221 | K7: 0.99460303 | L7: 0.17113693 | M7: 96.004736 | N7: 3.6282886 | O7: 0.36697555 | P7: 0 | Q7: =IF(A8=A7,B8-B7,"") | R7: =IFERROR(IF($A8=$A7,($E8-$E7)/($B8-$B7),""),"null") | S7: =IFERROR(IF($A8=$A7,($I8-$I7)/($B8-$B7),""),"null") | T7: =IFERROR(IF($A8=$A7,($M8-$M7)/($B8-$B7),""),"null") | U7: =IFERROR(ROUND(E7,0),"null") -> 94 | V7: =IFERROR(ROUND(I7,0),"null") -> 90 | W7: =IFERROR(ROUND(M7,0),"null") -> 96 | X7: =IF(AND($A8=$A7,$U7=100,$U8=100),"fullaccesss","") | Y7: =IF(AND($A8=$A7,$V7=100,$V8=100),"fullaccesss","") | Z7: =IF(AND($A8=$A7,$W7=100,$W8=100),"fullaccesss","") | AA7: =IFERROR(IF(AND(S7<>"",T7<>""),S7-T7,""),"null")
A8: American Samoa | B8: 2015 | C8: 55.806 | D8: 87.238007 | E8: 99.619103 | F8: 0 | G8: 0.38089685 | H8: 0 | I8: null | J8: null | K8: null | L8: null | M8: null | N8: null | O8: null | P8: null | Q8: =IF(A9=A8,B9-B8,"") -> 5 | R8: =IFERROR(IF($A9=$A8,($E9-$E8)/($B9-$B8),""),"null") -> 0.030933702 | S8: =IFERROR(IF($A9=$A8,($I9-$I8)/($B9-$B8),""),"null") -> null | T8: =IFERROR(IF($A9=$A8,($M9-$M8)/($B9-$B8),""),"null") -> null | U8: =IFERROR(ROUND(E8,0),"null") -> 100 | V8: =IFERROR(ROUND(I8,0),"null") -> null | W8: =IFERROR(ROUND(M8,0),"null") -> null | X8: =IF(AND($A9=$A8,$U8=100,$U9=100),"fullaccesss","") -> fullaccesss | Y8: =IF(AND($A9=$A8,$V8=100,$V9=100),"fullaccesss","") | Z8: =IF(AND($A9=$A8,$W8=100,$W9=100),"fullaccesss","") | AA8: =IFERROR(IF(AND(S8<>"",T8<>""),S8-T8,""),"null") -> null
A9: American Samoa | B9: 2020 | C9: 55.196999 | D9: 87.153 | E9: 99.773772 | F9: 0 | G9: 0.22622834 | H9: 0 | I9: null | J9: null | K9: null | L9: null | M9: null | N9: null | O9: null | P9: null | Q9: =IF(A10=A9,B10-B9,"") | R9: =IFERROR(IF($A10=$A9,($E10-$E9)/($B10-$B9),""),"null") | S9: =IFERROR(IF($A10=$A9,($I10-$I9)/($B10-$B9),""),"null") | T9: =IFERROR(IF($A10=$A9,($M10-$M9)/($B10-$B9),""),"null") | U9: =IFERROR(ROUND(E9,0),"null") -> 100 | V9: =IFERROR(ROUND(I9,0),"null") -> null | W9: =IFERROR(ROUND(M9,0),"null") -> null | X9: =IF(AND($A10=$A9,$U9=100,$U10=100),"fullaccesss","") | Y9: =IF(AND($A10=$A9,$V9=100,$V10=100),"fullaccesss","") | Z9: =IF(AND($A10=$A9,$W9=100,$W10=100),"fullaccesss","") | AA9: =IFERROR(IF(AND(S9<>"",T9<>""),S9-T9,""),"null")
A10: Andorra | B10: 2015 | C10: 77.992996 | D10: 88.344994 | E10: 99.999998 | F10: 0 | G10: 2.4455384e-06 | H10: 0 | I10: 100 | J10: 0 | K10: 0 | L10: 0 | M10: 100 | N10: 0 | O10: 0 | P10: 0 | Q10: =IF(A11=A10,B11-B10,"") -> 5 | R10: =IFERROR(IF($A11=$A10,($E11-$E10)/($B11-$B10),""),"null") -> 1.23e-06 | S10: =IFERROR(IF($A11=$A10,($I11-$I10)/($B11-$B10),""),"null") -> 0 | T10: =IFERROR(IF($A11=$A10,($M11-$M10)/($B11-$B10),""),"null") -> 0 | U10: =IFERROR(ROUND(E10,0),"null") -> 100 | V10: =IFERROR(ROUND(I10,0),"null") -> 100 | W10: =IFERROR(ROUND(M10,0),"null") -> 100 | X10: =IF(AND($A11=$A10,$U10=100,$U11=100),"fullaccesss","") -> fullaccesss | Y10: =IF(AND($A11=$A10,$V10=100,$V11=100),"fullaccesss","") -> fullaccesss | Z10: =IF(AND($A11=$A10,$W10=100,$W11=100),"fullaccesss","") -> fullaccesss | AA10: =IFERROR(IF(AND(S10<>"",T10<>""),S10-T10,""),"null") -> 0
A11: Andorra | B11: 2020 | C11: 77.264999 | D11: 87.916 | E11: 100 | F11: 0 | G11: 0 | H11: 0 | I11: 100 | J11: 0 | K11: 0 | L11: 0 | M11: 100 | N11: 0 | O11: 0 | P11: 0 | Q11: =IF(A12=A11,B12-B11,"") | R11: =IFERROR(IF($A12=$A11,($E12-$E11)/($B12-$B11),""),"null") | S11: =IFERROR(IF($A12=$A11,($I12-$I11)/($B12-$B11),""),"null") | T11: =IFERROR(IF($A12=$A11,($M12-$M11)/($B12-$B11),""),"null") | U11: =IFERROR(ROUND(E11,0),"null") -> 100 | V11: =IFERROR(ROUND(I11,0),"null") -> 100 | W11: =IFERROR(ROUND(M11,0),"null") -> 100 | X11: =IF(AND($A12=$A11,$U11=100,$U12=100),"fullaccesss","") | Y11: =IF(AND($A12=$A11,$V11=100,$V12=100),"fullaccesss","") | Z11: =IF(AND($A12=$A11,$W11=100,$W12=100),"fullaccesss","") | AA11: =IFERROR(IF(AND(S11<>"",T11<>""),S11-T11,""),"null")
A12: Angola | B12: 2015 | C12: 27884.381 | D12: 63.445995 | E12: 54.316928 | F12: 11.368619 | G12: 17.372356 | H12: 16.942097 | I12: 26.714369 | J12: 9.9310693 | K12: 21.725308 | L12: 41.629254 | M12: 70.219965 | N12: 12.196853 | O12: 14.864431 | P12: 2.7187499 | Q12: =IF(A13=A12,B13-B12,"") -> 5 | R12: =IFERROR(IF($A13=$A12,($E13-$E12)/($B13-$B12),""),"null") -> 0.57016185 | S12: =IFERROR(IF($A13=$A12,($I13-$I12)/($B13-$B12),""),"null") -> 0.21877144 | T12: =IFERROR(IF($A13=$A12,($M13-$M12)/($B13-$B12),""),"null") -> 0.3046367 | U12: =IFERROR(ROUND(E12,0),"null") -> 54 | V12: =IFERROR(ROUND(I12,0),"null") -> 27 | W12: =IFERROR(ROUND(M12,0),"null") -> 70 | X12: =IF(AND($A13=$A12,$U12=100,$U13=100),"fullaccesss","") | Y12: =IF(AND($A13=$A12,$V12=100,$V13=100),"fullaccesss","") | Z12: =IF(AND($A13=$A12,$W12=100,$W13=100),"fullaccesss","") | AA12: =IFERROR(IF(AND(S12<>"",T12<>""),S12-T12,""),"null") -> -0.085865258
A13: Angola | B13: 2020 | C13: 32866.27 | D13: 66.824997 | E13: 57.167738 | F13: 9.2873499 | G13: 19.450825 | H13: 14.094087 | I13: 27.808227 | J13: 8.7404884 | K13: 22.933153 | L13: 40.518132 | M13: 71.743149 | N13: 9.5588375 | O13: 17.722035 | P13: 0.97597916 | Q13: =IF(A14=A13,B14-B13,"") | R13: =IFERROR(IF($A14=$A13,($E14-$E13)/($B14-$B13),""),"null") | S13: =IFERROR(IF($A14=$A13,($I14-$I13)/($B14-$B13),""),"null") | T13: =IFERROR(IF($A14=$A13,($M14-$M13)/($B14-$B13),""),"null") | U13: =IFERROR(ROUND(E13,0),"null") -> 57 | V13: =IFERROR(ROUND(I13,0),"null") -> 28 | W13: =IFERROR(ROUND(M13,0),"null") -> 72 | X13: =IF(AND($A14=$A13,$U13=100,$U14=100),"fullaccesss","") | Y13: =IF(AND($A14=$A13,$V13=100,$V14=100),"fullaccesss","") | Z13: =IF(AND($A14=$A13,$W13=100,$W14=100),"fullaccesss","") | AA13: =IFERROR(IF(AND(S13<>"",T13<>""),S13-T13,""),"null")
A14: Anguilla | B14: 2015 | C14: 14.279 | D14: 100 | E14: 97.482274 | F14: 0 | G14: 2.5177258 | H14: 0 | I14: null | J14: null | K14: null | L14: null | M14: 97.482274 | N14: 0 | O14: 2.5177258 | P14: 0 | Q14: =IF(A15=A14,B15-B14,"") -> 2 | R14: =IFERROR(IF($A15=$A14,($E15-$E14)/($B15-$B14),""),"null") -> 0 | S14: =IFERROR(IF($A15=$A14,($I15-$I14)/($B15-$B14),""),"null") -> null | T14: =IFERROR(IF($A15=$A14,($M15-$M14)/($B15-$B14),""),"null") -> 0 | U14: =IFERROR(ROUND(E14,0),"null") -> 97 | V14: =IFERROR(ROUND(I14,0),"null") -> null | W14: =IFERROR(ROUND(M14,0),"null") -> 97 | X14: =IF(AND($A15=$A14,$U14=100,$U15=100),"fullaccesss","") | Y14: =IF(AND($A15=$A14,$V14=100,$V15=100),"fullaccesss","") | Z14: =IF(AND($A15=$A14,$W14=100,$W15=100),"fullaccesss","") | AA14: =IFERROR(IF(AND(S14<>"",T14<>""),S14-T14,""),"null") -> null
A15: Anguilla | B15: 2017 | C15: 14.588 | D15: 100 | E15: 97.482274 | F15: 0 | G15: 2.5177258 | H15: 0 | I15: null | J15: null | K15: null | L15: null | M15: 97.482274 | N15: 0 | O15: 2.5177258 | P15: 0 | Q15: =IF(A16=A15,B16-B15,"") | R15: =IFERROR(IF($A16=$A15,($E16-$E15)/($B16-$B15),""),"null") | S15: =IFERROR(IF($A16=$A15,($I16-$I15)/($B16-$B15),""),"null") | T15: =IFERROR(IF($A16=$A15,($M16-$M15)/($B16-$B15),""),"null") | U15: =IFERROR(ROUND(E15,0),"null") -> 97 | V15: =IFERROR(ROUND(I15,0),"null") -> null | W15: =IFERROR(ROUND(M15,0),"null") -> 97 | X15: =IF(AND($A16=$A15,$U15=100,$U16=100),"fullaccesss","") | Y15: =IF(AND($A16=$A15,$V15=100,$V16=100),"fullaccesss","") | Z15: =IF(AND($A16=$A15,$W15=100,$W16=100),"fullaccesss","") | AA15: =IFERROR(IF(AND(S15<>"",T15<>""),S15-T15,""),"null")
A16: Antigua and Barbuda | B16: 2015 | C16: 93.570999 | D16: 25 | E16: 96.739186 | F16: 0 | G16: 3.1663476 | H16: 0.094466114 | I16: null | J16: null | K16: null | L16: null | M16: null | N16: null | O16: null | P16: null | Q16: =IF(A17=A16,B17-B16,"") -> 2 | R16: =IFERROR(IF($A17=$A16,($E17-$E16)/($B17-$B16),""),"null") -> 0 | S16: =IFERROR(IF($A17=$A16,($I17-$I16)/($B17-$B16),""),"null") -> null | T16: =IFERROR(IF($A17=$A16,($M17-$M16)/($B17-$B16),""),"null") -> null | U16: =IFERROR(ROUND(E16,0),"null") -> 97 | V16: =IFERROR(ROUND(I16,0),"null") -> null | W16: =IFERROR(ROUND(M16,0),"null") -> null | X16: =IF(AND($A17=$A16,$U16=100,$U17=100),"fullaccesss","") | Y16: =IF(AND($A17=$A16,$V16=100,$V17=100),"fullaccesss","") | Z16: =IF(AND($A17=$A16,$W16=100,$W17=100),"fullaccesss","") | AA16: =IFERROR(IF(AND(S16<>"",T16<>""),S16-T16,""),"null") -> null
A17: Antigua and Barbuda | B17: 2017 | C17: 95.425003 | D17: 24.713001 | E17: 96.739186 | F17: 0 | G17: 3.1663476 | H17: 0.094466114 | I17: null | J17: null | K17: null | L17: null | M17: null | N17: null | O17: null | P17: null | Q17: =IF(A18=A17,B18-B17,"") | R17: =IFERROR(IF($A18=$A17,($E18-$E17)/($B18-$B17),""),"null") | S17: =IFERROR(IF($A18=$A17,($I18-$I17)/($B18-$B17),""),"null") | T17: =IFERROR(IF($A18=$A17,($M18-$M17)/($B18-$B17),""),"null") | U17: =IFERROR(ROUND(E17,0),"null") -> 97 | V17: =IFERROR(ROUND(I17,0),"null") -> null | W17: =IFERROR(ROUND(M17,0),"null") -> null | X17: =IF(AND($A18=$A17,$U17=100,$U18=100),"fullaccesss","") | Y17: =IF(AND($A18=$A17,$V17=100,$V18=100),"fullaccesss","") | Z17: =IF(AND($A18=$A17,$W17=100,$W18=100),"fullaccesss","") | AA17: =IFERROR(IF(AND(S17<>"",T17<>""),S17-T17,""),"null")
A18: Argentina | B18: 2015 | C18: 43075.414 | D18: 91.502998 | E18: 98.966588 | F18: 0 | G18: 0.66491438 | H18: 0.36849747 | I18: 92.98366 | J18: 0 | K18: 2.6795449 | L18: 4.3367951 | M18: 99.522163 | N18: 0 | O18: 0.47783695 | P18: 0 | Q18: =IF(A19=A18,B19-B18,"") -> 5 | R18: =IFERROR(IF($A19=$A18,($E19-$E18)/($B19-$B18),""),"null") -> null | S18: =IFERROR(IF($A19=$A18,($I19-$I18)/($B19-$B18),""),"null") -> null | T18: =IFERROR(IF($A19=$A18,($M19-$M18)/($B19-$B18),""),"null") -> 0.05365152 | U18: =IFERROR(ROUND(E18,0),"null") -> 99 | V18: =IFERROR(ROUND(I18,0),"null") -> 93 | W18: =IFERROR(ROUND(M18,0),"null") -> 100 | X18: =IF(AND($A19=$A18,$U18=100,$U19=100),"fullaccesss","") | Y18: =IF(AND($A19=$A18,$V18=100,$V19=100),"fullaccesss","") | Z18: =IF(AND($A19=$A18,$W18=100,$W19=100),"fullaccesss","") -> fullaccesss | AA18: =IFERROR(IF(AND(S18<>"",T18<>""),S18-T18,""),"null") -> null
A19: Argentina | B19: 2020 | C19: 45195.777 | D19: 92.111 | E19: null | F19: null | G19: null | H19: null | I19: null | J19: null | K19: null | L19: null | M19: 99.790421 | N19: 0 | O19: 0.20957935 | P19: 0 | Q19: =IF(A20=A19,B20-B19,"") | R19: =IFERROR(IF($A20=$A19,($E20-$E19)/($B20-$B19),""),"null") | S19: =IFERROR(IF($A20=$A19,($I20-$I19)/($B20-$B19),""),"null") | T19: =IFERROR(IF($A20=$A19,($M20-$M19)/($B20-$B19),""),"null") | U19: =IFERROR(ROUND(E19,0),"null") -> null | V19: =IFERROR(ROUND(I19,0),"null") -> null | W19: =IFERROR(ROUND(M19,0),"null") -> 100 | X19: =IF(AND($A20=$A19,$U19=100,$U20=100),"fullaccesss","") | Y19: =IF(AND($A20=$A19,$V19=100,$V20=100),"fullaccesss","") | Z19: =IF(AND($A20=$A19,$W19=100,$W20=100),"fullaccesss","") | AA19: =IFERROR(IF(AND(S19<>"",T19<>""),S19-T19,""),"null")
A20: Armenia | B20: 2015 | C20: 2925.5591 | D20: 63.085003 | E20: 99.552567 | F20: 0 | G20: 0.098505084 | H20: 0.34892822 | I20: 99.054779 | J20: 0 | K20: 0 | L20: 0.94522073 | M20: 99.843853 | N20: 0 | O20: 0.1561466 | P20: 0 | Q20: =IF(A21=A20,B21-B20,"") -> 5 | R20: =IFERROR(IF($A21=$A20,($E21-$E20)/($B21-$B20),""),"null") -> 0.083722798 | S20: =IFERROR(IF($A21=$A20,($I21-$I20)/($B21-$B20),""),"null") -> 0.18904415 | T20: =IFERROR(IF($A21=$A20,($M21-$M20)/($B21-$B20),""),"null") -> 0.022125564 | U20: =IFERROR(ROUND(E20,0),"null") -> 100 | V20: =IFERROR(ROUND(I20,0),"null") -> 99 | W20: =IFERROR(ROUND(M20,0),"null") -> 100 | X20: =IF(AND($A21=$A20,$U20=100,$U21=100),"fullaccesss","") -> fullaccesss | Y20: =IF(AND($A21=$A20,$V20=100,$V21=100),"fullaccesss","") | Z20: =IF(AND($A21=$A20,$W20=100,$W21=100),"fullaccesss","") -> fullaccesss | AA20: =IFERROR(IF(AND(S20<>"",T20<>""),S20-T20,""),"null") -> 0.16691858
A21: Armenia | B21: 2020 | C21: 2963.2339 | D21: 63.313 | E21: 99.971181 | F21: 0 | G21: 0.028819308 | H21: 0 | I21: 100 | J21: 0 | K21: 0 | L21: 0 | M21: 99.954481 | N21: 0 | O21: 0.045518784 | P21: 0 | Q21: =IF(A22=A21,B22-B21,"") | R21: =IFERROR(IF($A22=$A21,($E22-$E21)/($B22-$B21),""),"null") | S21: =IFERROR(IF($A22=$A21,($I22-$I21)/($B22-$B21),""),"null") | T21: =IFERROR(IF($A22=$A21,($M22-$M21)/($B22-$B21),""),"null") | U21: =IFERROR(ROUND(E21,0),"null") -> 100 | V21: =IFERROR(ROUND(I21,0),"null") -> 100 | W21: =IFERROR(ROUND(M21,0),"null") -> 100 | X21: =IF(AND($A22=$A21,$U21=100,$U22=100),"fullaccesss","") | Y21: =IF(AND($A22=$A21,$V21=100,$V22=100),"fullaccesss","") | Z21: =IF(AND($A22=$A21,$W21=100,$W22=100),"fullaccesss","") | AA21: =IFERROR(IF(AND(S21<>"",T21<>""),S21-T21,""),"null")
A22: Aruba | B22: 2015 | C22: 104.339 | D22: 43.108002 | E22: 97.869023 | F22: 0 | G22: 1.9599362 | H22: 0.17104041 | I22: null | J22: null | K22: null | L22: null | M22: null | N22: null | O22: null | P22: null | Q22: =IF(A23=A22,B23-B22,"") -> 1 | R22: =IFERROR(IF($A23=$A22,($E23-$E22)/($B23-$B22),""),"null") -> 0 | S22: =IFERROR(IF($A23=$A22,($I23-$I22)/($B23-$B22),""),"null") -> null | T22: =IFERROR(IF($A23=$A22,($M23-$M22)/($B23-$B22),""),"null") -> null | U22: =IFERROR(ROUND(E22,0),"null") -> 98 | V22: =IFERROR(ROUND(I22,0),"null") -> null | W22: =IFERROR(ROUND(M22,0),"null") -> null | X22: =IF(AND($A23=$A22,$U22=100,$U23=100),"fullaccesss","") | Y22: =IF(AND($A23=$A22,$V22=100,$V23=100),"fullaccesss","") | Z22: =IF(AND($A23=$A22,$W22=100,$W23=100),"fullaccesss","") | AA22: =IFERROR(IF(AND(S22<>"",T22<>""),S22-T22,""),"null") -> null
A23: Aruba | B23: 2016 | C23: 104.865 | D23: 43.191998 | E23: 97.869023 | F23: 0 | G23: 1.9599362 | H23: 0.17104041 | I23: null | J23: null | K23: null | L23: null | M23: null | N23: null | O23: null | P23: null | Q23: =IF(A24=A23,B24-B23,"") | R23: =IFERROR(IF($A24=$A23,($E24-$E23)/($B24-$B23),""),"null") | S23: =IFERROR(IF($A24=$A23,($I24-$I23)/($B24-$B23),""),"null") | T23: =IFERROR(IF($A24=$A23,($M24-$M23)/($B24-$B23),""),"null") | U23: =IFERROR(ROUND(E23,0),"null") -> 98 | V23: =IFERROR(ROUND(I23,0),"null") -> null | W23: =IFERROR(ROUND(M23,0),"null") -> null | X23: =IF(AND($A24=$A23,$U23=100,$U24=100),"fullaccesss","") | Y23: =IF(AND($A24=$A23,$V23=100,$V24=100),"fullaccesss","") | Z23: =IF(AND($A24=$A23,$W23=100,$W24=100),"fullaccesss","") | AA23: =IFERROR(IF(AND(S23<>"",T23<>""),S23-T23,""),"null")
A24: Australia | B24: 2015 | C24: 23932.498 | D24: 85.701004 | E24: 99.970006 | F24: 0 | G24: 0.029994331 | H24: 0 | I24: 100 | J24: 0 | K24: 0 | L24: 0 | M24: 99.965 | N24: 0 | O24: 0.035 | P24: 0 | Q24: =IF(A25=A24,B25-B24,"") -> 5 | R24: =IFERROR(IF($A25=$A24,($E25-$E24)/($B25-$B24),""),"null") -> -3.877e-05 | S24: =IFERROR(IF($A25=$A24,($I25-$I24)/($B25-$B24),""),"null") -> 0 | T24: =IFERROR(IF($A25=$A24,($M25-$M24)/($B25-$B24),""),"null") -> 0 | U24: =IFERROR(ROUND(E24,0),"null") -> 100 | V24: =IFERROR(ROUND(I24,0),"null") -> 100 | W24: =IFERROR(ROUND(M24,0),"null") -> 100 | X24: =IF(AND($A25=$A24,$U24=100,$U25=100),"fullaccesss","") -> fullaccesss | Y24: =IF(AND($A25=$A24,$V24=100,$V25=100),"fullaccesss","") -> fullaccesss | Z24: =IF(AND($A25=$A24,$W24=100,$W25=100),"fullaccesss","") -> fullaccesss | AA24: =IFERROR(IF(AND(S24<>"",T24<>""),S24-T24,""),"null") -> 0
A25: Australia | B25: 2020 | C25: 25499.881 | D25: 86.240997 | E25: 99.969812 | F25: 0 | G25: 0.030188179 | H25: 0 | I25: 100 | J25: 0 | K25: 0 | L25: 0 | M25: 99.965 | N25: 0 | O25: 0.035 | P25: 0 | Q25: =IF(A26=A25,B26-B25,"") | R25: =IFERROR(IF($A26=$A25,($E26-$E25)/($B26-$B25),""),"null") | S25: =IFERROR(IF($A26=$A25,($I26-$I25)/($B26-$B25),""),"null") | T25: =IFERROR(IF($A26=$A25,($M26-$M25)/($B26-$B25),""),"null") | U25: =IFERROR(ROUND(E25,0),"null") -> 100 | V25: =IFERROR(ROUND(I25,0),"null") -> 100 | W25: =IFERROR(ROUND(M25,0),"null") -> 100 | X25: =IF(AND($A26=$A25,$U25=100,$U26=100),"fullaccesss","") | Y25: =IF(AND($A26=$A25,$V25=100,$V26=100),"fullaccesss","") | Z25: =IF(AND($A26=$A25,$W25=100,$W26=100),"fullaccesss","") | AA25: =IFERROR(IF(AND(S25<>"",T25<>""),S25-T25,""),"null")
A26: Austria | B26: 2015 | C26: 8678.667 | D26: 57.715 | E26: 100 | F26: 0 | G26: 0 | H26: 0 | I26: 100 | J26: 0 | K26: 0 | L26: 0 | M26: 100 | N26: 0 | O26: 0 | P26: 0 | Q26: =IF(A27=A26,B27-B26,"") -> 5 | R26: =IFERROR(IF($A27=$A26,($E27-$E26)/($B27-$B26),""),"null") -> 0 | S26: =IFERROR(IF($A27=$A26,($I27-$I26)/($B27-$B26),""),"null") -> 0 | T26: =IFERROR(IF($A27=$A26,($M27-$M26)/($B27-$B26),""),"null") -> 0 | U26: =IFERROR(ROUND(E26,0),"null") -> 100 | V26: =IFERROR(ROUND(I26,0),"null") -> 100 | W26: =IFERROR(ROUND(M26,0),"null") -> 100 | X26: =IF(AND($A27=$A26,$U26=100,$U27=100),"fullaccesss","") -> fullaccesss | Y26: =IF(AND($A27=$A26,$V26=100,$V27=100),"fullaccesss","") -> fullaccesss | Z26: =IF(AND($A27=$A26,$W26=100,$W27=100),"fullaccesss","") -> fullaccesss | AA26: =IFERROR(IF(AND(S26<>"",T26<>""),S26-T26,""),"null") -> 0
A27: Austria | B27: 2020 | C27: 9006.4004 | D27: 58.748001 | E27: 100 | F27: 0 | G27: 0 | H27: 0 | I27: 100 | J27: 0 | K27: 0 | L27: 0 | M27: 100 | N27: 0 | O27: 0 | P27: 0 | Q27: =IF(A28=A27,B28-B27,"") | R27: =IFERROR(IF($A28=$A27,($E28-$E27)/($B28-$B27),""),"null") | S27: =IFERROR(IF($A28=$A27,($I28-$I27)/($B28-$B27),""),"null") | T27: =IFERROR(IF($A28=$A27,($M28-$M27)/($B28-$B27),""),"null") | U27: =IFERROR(ROUND(E27,0),"null") -> 100 | V27: =IFERROR(ROUND(I27,0),"null") -> 100 | W27: =IFERROR(ROUND(M27,0),"null") -> 100 | X27: =IF(AND($A28=$A27,$U27=100,$U28=100),"fullaccesss","") | Y27: =IF(AND($A28=$A27,$V27=100,$V28=100),"fullaccesss","") | Z27: =IF(AND($A28=$A27,$W27=100,$W28=100),"fullaccesss","") | AA27: =IFERROR(IF(AND(S27<>"",T27<>""),S27-T27,""),"null")
A28: Azerbaijan | B28: 2015 | C28: 9622.7412 | D28: 54.714001 | E28: 92.420314 | F28: 1.0022424 | G28: 4.3650895 | H28: 2.2123541 | I28: 84.143213 | J28: 2.2131397 | K28: 8.988206 | L28: 4.655441 | M28: 99.271152 | N28: 0 | O28: 0.53860203 | P28: 0.19024593 | Q28: =IF(A29=A28,B29-B28,"") -> 5 | R28: =IFERROR(IF($A29=$A28,($E29-$E28)/($B29-$B28),""),"null") -> 0.72461243 | S28: =IFERROR(IF($A29=$A28,($I29-$I28)/($B29-$B28),""),"null") -> 1.3565169 | T28: =IFERROR(IF($A29=$A28,($M29-$M28)/($B29-$B28),""),"null") -> 0.14576959 | U28: =IFERROR(ROUND(E28,0),"null") -> 92 | V28: =IFERROR(ROUND(I28,0),"null") -> 84 | W28: =IFERROR(ROUND(M28,0),"null") -> 99 | X28: =IF(AND($A29=$A28,$U28=100,$U29=100),"fullaccesss","") | Y28: =IF(AND($A29=$A28,$V28=100,$V29=100),"fullaccesss","") | Z28: =IF(AND($A29=$A28,$W28=100,$W29=100),"fullaccesss","") | AA28: =IFERROR(IF(AND(S28<>"",T28<>""),S28-T28,""),"null") -> 1.2107473
A29: Azerbaijan | B29: 2020 | C29: 10139.175 | D29: 56.397003 | E29: 96.043376 | F29: 1.0427812 | G29: 2.9138427 | H29: 0 | I29: 90.925798 | J29: 2.3915357 | K29: 6.6826664 | L29: 0 | M29: 100 | N29: 0 | O29: 0 | P29: 0 | Q29: =IF(A30=A29,B30-B29,"") | R29: =IFERROR(IF($A30=$A29,($E30-$E29)/($B30-$B29),""),"null") | S29: =IFERROR(IF($A30=$A29,($I30-$I29)/($B30-$B29),""),"null") | T29: =IFERROR(IF($A30=$A29,($M30-$M29)/($B30-$B29),""),"null") | U29: =IFERROR(ROUND(E29,0),"null") -> 96 | V29: =IFERROR(ROUND(I29,0),"null") -> 91 | W29: =IFERROR(ROUND(M29,0),"null") -> 100 | X29: =IF(AND($A30=$A29,$U29=100,$U30=100),"fullaccesss","") | Y29: =IF(AND($A30=$A29,$V29=100,$V30=100),"fullaccesss","") | Z29: =IF(AND($A30=$A29,$W29=100,$W30=100),"fullaccesss","") | AA29: =IFERROR(IF(AND(S29<>"",T29<>""),S29-T29,""),"null")
A30: Bahamas | B30: 2015 | C30: 374.20001 | D30: 82.745995 | E30: 98.886961 | F30: 0 | G30: 1.1130395 | H30: 0 | I30: null | J30: null | K30: null | L30: null | M30: null | N30: null | O30: null | P30: null | Q30: =IF(A31=A30,B31-B30,"") -> 4 | R30: =IFERROR(IF($A31=$A30,($E31-$E30)/($B31-$B30),""),"null") -> 0 | S30: =IFERROR(IF($A31=$A30,($I31-$I30)/($B31-$B30),""),"null") -> null | T30: =IFERROR(IF($A31=$A30,($M31-$M30)/($B31-$B30),""),"null") -> null | U30: =IFERROR(ROUND(E30,0),"null") -> 99 | V30: =IFERROR(ROUND(I30,0),"null") -> null | W30: =IFERROR(ROUND(M30,0),"null") -> null | X30: =IF(AND($A31=$A30,$U30=100,$U31=100),"fullaccesss","") | Y30: =IF(AND($A31=$A30,$V30=100,$V31=100),"fullaccesss","") | Z30: =IF(AND($A31=$A30,$W30=100,$W31=100),"fullaccesss","") | AA30: =IFERROR(IF(AND(S30<>"",T30<>""),S30-T30,""),"null") -> null
A31: Bahamas | B31: 2019 | C31: 389.48599 | D31: 83.131996 | E31: 98.886961 | F31: 0 | G31: 1.1130395 | H31: 0 | I31: null | J31: null | K31: null | L31: null | M31: null | N31: null | O31: null | P31: null | Q31: =IF(A32=A31,B32-B31,"") | R31: =IFERROR(IF($A32=$A31,($E32-$E31)/($B32-$B31),""),"null") | S31: =IFERROR(IF($A32=$A31,($I32-$I31)/($B32-$B31),""),"null") | T31: =IFERROR(IF($A32=$A31,($M32-$M31)/($B32-$B31),""),"null") | U31: =IFERROR(ROUND(E31,0),"null") -> 99 | V31: =IFERROR(ROUND(I31,0),"null") -> null | W31: =IFERROR(ROUND(M31,0),"null") -> null | X31: =IF(AND($A32=$A31,$U31=100,$U32=100),"fullaccesss","") | Y31: =IF(AND($A32=$A31,$V31=100,$V32=100),"fullaccesss","") | Z31: =IF(AND($A32=$A31,$W31=100,$W32=100),"fullaccesss","") | AA31: =IFERROR(IF(AND(S31<>"",T31<>""),S31-T31,""),"null")
A32: Bahrain | B32: 2015 | C32: 1371.853 | D32: 88.998993 | E32: 100 | F32: 0 | G32: 0 | H32: 0 | I32: null | J32: null | K32: null | L32: null | M32: null | N32: null | O32: null | P32: null | Q32: =IF(A33=A32,B33-B32,"") -> 5 | R32: =IFERROR(IF($A33=$A32,($E33-$E32)/($B33-$B32),""),"null") -> 0 | S32: =IFERROR(IF($A33=$A32,($I33-$I32)/($B33-$B32),""),"null") -> null | T32: =IFERROR(IF($A33=$A32,($M33-$M32)/($B33-$B32),""),"null") -> null | U32: =IFERROR(ROUND(E32,0),"null") -> 100 | V32: =IFERROR(ROUND(I32,0),"null") -> null | W32: =IFERROR(ROUND(M32,0),"null") -> null | X32: =IF(AND($A33=$A32,$U32=100,$U33=100),"fullaccesss","") -> fullaccesss | Y32: =IF(AND($A33=$A32,$V32=100,$V33=100),"fullaccesss","") | Z32: =IF(AND($A33=$A32,$W32=100,$W33=100),"fullaccesss","") | AA32: =IFERROR(IF(AND(S32<>"",T32<>""),S32-T32,""),"null") -> null
A33: Bahrain | B33: 2020 | C33: 1701.583 | D33: 89.506004 | E33: 100 | F33: 0 | G33: 0 | H33: 0 | I33: null | J33: null | K33: null | L33: null | M33: null | N33: null | O33: null | P33: null | Q33: =IF(A34=A33,B34-B33,"") | R33: =IFERROR(IF($A34=$A33,($E34-$E33)/($B34-$B33),""),"null") | S33: =IFERROR(IF($A34=$A33,($I34-$I33)/($B34-$B33),""),"null") | T33: =IFERROR(IF($A34=$A33,($M34-$M33)/($B34-$B33),""),"null") | U33: =IFERROR(ROUND(E33,0),"null") -> 100 | V33: =IFERROR(ROUND(I33,0),"null") -> null | W33: =IFERROR(ROUND(M33,0),"null") -> null | X33: =IF(AND($A34=$A33,$U33=100,$U34=100),"fullaccesss","") | Y33: =IF(AND($A34=$A33,$V33=100,$V34=100),"fullaccesss","") | Z33: =IF(AND($A34=$A33,$W33=100,$W34=100),"fullaccesss","") | AA33: =IFERROR(IF(AND(S33<>"",T33<>""),S33-T33,""),"null")
A34: Bangladesh | B34: 2015 | C34: 156256.28 | D34: 34.308002 | E34: 97.101602 | F34: 1.087989 | G34: 0.72156166 | H34: 1.0888469 | I34: 96.773011 | J34: 1.0462142 | K34: 0.73174732 | L34: 1.4490272 | M34: 97.73078 | N34: 1.1679782 | O34: 0.70205843 | P34: 0.39918371 | Q34: =IF(A35=A34,B35-B34,"") -> 5 | R34: =IFERROR(IF($A35=$A34,($E35-$E34)/($B35-$B34),""),"null") -> 0.11927156 | S34: =IFERROR(IF($A35=$A34,($I35-$I34)/($B35-$B34),""),"null") -> 0.2214453 | T34: =IFERROR(IF($A35=$A34,($M35-$M34)/($B35-$B34),""),"null") -> -0.065600342 | U34: =IFERROR(ROUND(E34,0),"null") -> 97 | V34: =IFERROR(ROUND(I34,0),"null") -> 97 | W34: =IFERROR(ROUND(M34,0),"null") -> 98 | X34: =IF(AND($A35=$A34,$U34=100,$U35=100),"fullaccesss","") | Y34: =IF(AND($A35=$A34,$V34=100,$V35=100),"fullaccesss","") | Z34: =IF(AND($A35=$A34,$W34=100,$W35=100),"fullaccesss","") | AA34: =IFERROR(IF(AND(S34<>"",T34<>""),S34-T34,""),"null") -> 0.28704564
A35: Bangladesh | B35: 2020 | C35: 164689.39 | D35: 38.177002 | E35: 97.69796 | F35: 1.1564259 | G35: 0.4626557 | H35: 0.68295817 | I35: 97.880238 | J35: 0.85810498 | K35: 0.31648024 | L35: 0.94517702 | M35: 97.402778 | N35: 1.6395201 | O35: 0.69937521 | P35: 0.25832669 | Q35: =IF(A36=A35,B36-B35,"") | R35: =IFERROR(IF($A36=$A35,($E36-$E35)/($B36-$B35),""),"null") | S35: =IFERROR(IF($A36=$A35,($I36-$I35)/($B36-$B35),""),"null") | T35: =IFERROR(IF($A36=$A35,($M36-$M35)/($B36-$B35),""),"null") | U35: =IFERROR(ROUND(E35,0),"null") -> 98 | V35: =IFERROR(ROUND(I35,0),"null") -> 98 | W35: =IFERROR(ROUND(M35,0),"null") -> 97 | X35: =IF(AND($A36=$A35,$U35=100,$U36=100),"fullaccesss","") | Y35: =IF(AND($A36=$A35,$V35=100,$V36=100),"fullaccesss","") | Z35: =IF(AND($A36=$A35,$W35=100,$W36=100),"fullaccesss","") | AA35: =IFERROR(IF(AND(S35<>"",T35<>""),S35-T35,""),"null")
A36: Barbados | B36: 2015 | C36: 285.327 | D36: 31.248999 | E36: 98.474445 | F36: 0.26749191 | G36: 1.2580634 | H36: 0 | I36: null | J36: null | K36: null | L36: null | M36: null | N36: null | O36: null | P36: null | Q36: =IF(A37=A36,B37-B36,"") -> 5 | R36: =IFERROR(IF($A37=$A36,($E37-$E36)/($B37-$B36),""),"null") -> 0.008001136 | S36: =IFERROR(IF($A37=$A36,($I37-$I36)/($B37-$B36),""),"null") -> null | T36: =IFERROR(IF($A37=$A36,($M37-$M36)/($B37-$B36),""),"null") -> null | U36: =IFERROR(ROUND(E36,0),"null") -> 98 | V36: =IFERROR(ROUND(I36,0),"null") -> null | W36: =IFERROR(ROUND(M36,0),"null") -> null | X36: =IF(AND($A37=$A36,$U36=100,$U37=100),"fullaccesss","") | Y36: =IF(AND($A37=$A36,$V36=100,$V37=100),"fullaccesss","") | Z36: =IF(AND($A37=$A36,$W36=100,$W37=100),"fullaccesss","") | AA36: =IFERROR(IF(AND(S36<>"",T36<>""),S36-T36,""),"null") -> null
A37: Barbados | B37: 2020 | C37: 287.371 | D37: 31.191 | E37: 98.51445 | F37: 0.26760058 | G37: 1.217949 | H37: 0 | I37: null | J37: null | K37: null | L37: null | M37: null | N37: null | O37: null | P37: null | Q37: =IF(A38=A37,B38-B37,"") | R37: =IFERROR(IF($A38=$A37,($E38-$E37)/($B38-$B37),""),"null") | S37: =IFERROR(IF($A38=$A37,($I38-$I37)/($B38-$B37),""),"null") | T37: =IFERROR(IF($A38=$A37,($M38-$M37)/($B38-$B37),""),"null") | U37: =IFERROR(ROUND(E37,0),"null") -> 99 | V37: =IFERROR(ROUND(I37,0),"null") -> null | W37: =IFERROR(ROUND(M37,0),"null") -> null | X37: =IF(AND($A38=$A37,$U37=100,$U38=100),"fullaccesss","") | Y37: =IF(AND($A38=$A37,$V37=100,$V38=100),"fullaccesss","") | Z37: =IF(AND($A38=$A37,$W37=100,$W38=100),"fullaccesss","") | AA37: =IFERROR(IF(AND(S37<>"",T37<>""),S37-T37,""),"null")
A38: Belarus | B38: 2015 | C38: 9439.4238 | D38: 77.181 | E38: 96.477067 | F38: 3.3001301 | G38: 0.2228028 | H38: 0 | I38: 98.330672 | J38: 0.99323911 | K38: 0.67608929 | L38: 0 | M38: 95.929035 | N38: 3.9821754 | O38: 0.088789424 | P38: 0 | Q38: =IF(A39=A38,B39-B38,"") -> 5 | R38: =IFERROR(IF($A39=$A38,($E39-$E38)/($B39-$B38),""),"null") -> 0.011531798 | S38: =IFERROR(IF($A39=$A38,($I39-$I38)/($B39-$B38),""),"null") -> 0.046690142 | T38: =IFERROR(IF($A39=$A38,($M39-$M38)/($B39-$B38),""),"null") -> 0.016367688 | U38: =IFERROR(ROUND(E38,0),"null") -> 96 | V38: =IFERROR(ROUND(I38,0),"null") -> 98 | W38: =IFERROR(ROUND(M38,0),"null") -> 96 | X38: =IF(AND($A39=$A38,$U38=100,$U39=100),"fullaccesss","") | Y38: =IF(AND($A39=$A38,$V38=100,$V39=100),"fullaccesss","") | Z38: =IF(AND($A39=$A38,$W38=100,$W39=100),"fullaccesss","") | AA38: =IFERROR(IF(AND(S38<>"",T38<>""),S38-T38,""),"null") -> 0.030322454
A39: Belarus | B39: 2020 | C39: 9449.3213 | D39: 79.483002 | E39: 96.534726 | F39: 3.3721195 | G39: 0.093154368 | H39: 0 | I39: 98.564122 | J39: 0.9955972 | K39: 0.44028049 | L39: 0 | M39: 96.010874 | N39: 3.9855726 | O39: 0.003553732 | P39: 0 | Q39: =IF(A40=A39,B40-B39,"") | R39: =IFERROR(IF($A40=$A39,($E40-$E39)/($B40-$B39),""),"null") | S39: =IFERROR(IF($A40=$A39,($I40-$I39)/($B40-$B39),""),"null") | T39: =IFERROR(IF($A40=$A39,($M40-$M39)/($B40-$B39),""),"null") | U39: =IFERROR(ROUND(E39,0),"null") -> 97 | V39: =IFERROR(ROUND(I39,0),"null") -> 99 | W39: =IFERROR(ROUND(M39,0),"null") -> 96 | X39: =IF(AND($A40=$A39,$U39=100,$U40=100),"fullaccesss","") | Y39: =IF(AND($A40=$A39,$V39=100,$V40=100),"fullaccesss","") | Z39: =IF(AND($A40=$A39,$W39=100,$W40=100),"fullaccesss","") | AA39: =IFERROR(IF(AND(S39<>"",T39<>""),S39-T39,""),"null")
A40: Belgium | B40: 2015 | C40: 11287.931 | D40: 97.875999 | E40: 99.999998 | F40: 0 | G40: 2.2980245e-06 | H40: 0 | I40: 100 | J40: 0 | K40: 0 | L40: 0 | M40: 100 | N40: 0 | O40: 0 | P40: 0 | Q40: =IF(A41=A40,B41-B40,"") -> 5 | R40: =IFERROR(IF($A41=$A40,($E41-$E40)/($B41-$B40),""),"null") -> -2.5e-07 | S40: =IFERROR(IF($A41=$A40,($I41-$I40)/($B41-$B40),""),"null") -> 0 | T40: =IFERROR(IF($A41=$A40,($M41-$M40)/($B41-$B40),""),"null") -> 0 | U40: =IFERROR(ROUND(E40,0),"null") -> 100 | V40: =IFERROR(ROUND(I40,0),"null") -> 100 | W40: =IFERROR(ROUND(M40,0),"null") -> 100 | X40: =IF(AND($A41=$A40,$U40=100,$U41=100),"fullaccesss","") -> fullaccesss | Y40: =IF(AND($A41=$A40,$V40=100,$V41=100),"fullaccesss","") -> fullaccesss | Z40: =IF(AND($A41=$A40,$W40=100,$W41=100),"fullaccesss","") -> fullaccesss | AA40: =IFERROR(IF(AND(S40<>"",T40<>""),S40-T40,""),"null") -> 0
A41: Belgium | B41: 2020 | C41: 11589.616 | D41: 98.078995 | E41: 99.999996 | F41: 0 | G41: 3.5547968e-06 | H41: 0 | I41: 100 | J41: 0 | K41: 0 | L41: 0 | M41: 100 | N41: 0 | O41: 0 | P41: 0 | Q41: =IF(A42=A41,B42-B41,"") | R41: =IFERROR(IF($A42=$A41,($E42-$E41)/($B42-$B41),""),"null") | S41: =IFERROR(IF($A42=$A41,($I42-$I41)/($B42-$B41),""),"null") | T41: =IFERROR(IF($A42=$A41,($M42-$M41)/($B42-$B41),""),"null") | U41: =IFERROR(ROUND(E41,0),"null") -> 100 | V41: =IFERROR(ROUND(I41,0),"null") -> 100 | W41: =IFERROR(ROUND(M41,0),"null") -> 100 | X41: =IF(AND($A42=$A41,$U41=100,$U42=100),"fullaccesss","") | Y41: =IF(AND($A42=$A41,$V41=100,$V42=100),"fullaccesss","") | Z41: =IF(AND($A42=$A41,$W41=100,$W42=100),"fullaccesss","") | AA41: =IFERROR(IF(AND(S41<>"",T41<>""),S41-T41,""),"null")
A42: Belize | B42: 2015 | C42: 360.92599 | D42: 45.405998 | E42: 97.175595 | F42: 1.2279405 | G42: 1.5682225 | H42: 0.028241988 | I42: 95.653832 | J42: 1.421919 | K42: 2.872518 | L42: 0.051730936 | M42: 99.00529 | N42: 0.99471 | O42: 0 | P42: 0 | Q42: =IF(A43=A42,B43-B42,"") -> 5 | R42: =IFERROR(IF($A43=$A42,($E43-$E42)/($B43-$B42),""),"null") -> 0.24527193 | S42: =IFERROR(IF($A43=$A42,($I43-$I42)/($B43-$B42),""),"null") -> 0.4682751 | T42: =IFERROR(IF($A43=$A42,($M43-$M42)/($B43-$B42),""),"null") -> -0.025266 | U42: =IFERROR(ROUND(E42,0),"null") -> 97 | V42: =IFERROR(ROUND(I42,0),"null") -> 96 | W42: =IFERROR(ROUND(M42,0),"null") -> 99 | X42: =IF(AND($A43=$A42,$U42=100,$U43=100),"fullaccesss","") | Y42: =IF(AND($A43=$A42,$V42=100,$V43=100),"fullaccesss","") | Z42: =IF(AND($A43=$A42,$W42=100,$W43=100),"fullaccesss","") | AA42: =IFERROR(IF(AND(S42<>"",T42<>""),S42-T42,""),"null") -> 0.4935411
A43: Belize | B43: 2020 | C43: 397.621 | D43: 46.025002 | E43: 98.401955 | F43: 1.2491106 | G43: 0.34893474 | H43: 0 | I43: 97.995208 | J43: 1.3583177 | K43: 0.64647474 | L43: 0 | M43: 98.87896 | N43: 1.12104 | O43: 0 | P43: 0 | Q43: =IF(A44=A43,B44-B43,"") | R43: =IFERROR(IF($A44=$A43,($E44-$E43)/($B44-$B43),""),"null") | S43: =IFERROR(IF($A44=$A43,($I44-$I43)/($B44-$B43),""),"null") | T43: =IFERROR(IF($A44=$A43,($M44-$M43)/($B44-$B43),""),"null") | U43: =IFERROR(ROUND(E43,0),"null") -> 98 | V43: =IFERROR(ROUND(I43,0),"null") -> 98 | W43: =IFERROR(ROUND(M43,0),"null") -> 99 | X43: =IF(AND($A44=$A43,$U43=100,$U44=100),"fullaccesss","") | Y43: =IF(AND($A44=$A43,$V43=100,$V44=100),"fullaccesss","") | Z43: =IF(AND($A44=$A43,$W43=100,$W44=100),"fullaccesss","") | AA43: =IFERROR(IF(AND(S43<>"",T43<>""),S43-T43,""),"null")
A44: Benin | B44: 2015 | C44: 10575.962 | D44: 45.695004 | E44: 64.786822 | F44: 8.7154707 | G44: 21.298464 | H44: 5.1992427 | I44: 56.784352 | J44: 11.703371 | K44: 23.774979 | L44: 7.7372983 | M44: 74.297143 | N44: 5.1645812 | O44: 18.355318 | P44: 2.1829588 | Q44: =IF(A45=A44,B45-B44,"") -> 5 | R44: =IFERROR(IF($A45=$A44,($E45-$E44)/($B45-$B44),""),"null") -> 0.12546014 | S44: =IFERROR(IF($A45=$A44,($I45-$I44)/($B45-$B44),""),"null") -> 0.2535831 | T44: =IFERROR(IF($A45=$A44,($M45-$M44)/($B45-$B44),""),"null") -> -0.2078285 | U44: =IFERROR(ROUND(E44,0),"null") -> 65 | V44: =IFERROR(ROUND(I44,0),"null") -> 57 | W44: =IFERROR(ROUND(M44,0),"null") -> 74 | X44: =IF(AND($A45=$A44,$U44=100,$U45=100),"fullaccesss","") | Y44: =IF(AND($A45=$A44,$V44=100,$V45=100),"fullaccesss","") | Z44: =IF(AND($A45=$A44,$W44=100,$W45=100),"fullaccesss","") | AA44: =IFERROR(IF(AND(S44<>"",T44<>""),S44-T44,""),"null") -> 0.46141161
A45: Benin | B45: 2020 | C45: 12123.198 | D45: 48.414997 | E45: 65.414123 | F45: 9.3175356 | G45: 21.972541 | H45: 3.2958005 | I45: 58.052268 | J45: 12.705205 | K45: 23.977968 | L45: 5.2645586 | M45: 73.258 | N45: 5.7080564 | O45: 19.835807 | P45: 1.1981368 | Q45: =IF(A46=A45,B46-B45,"") | R45: =IFERROR(IF($A46=$A45,($E46-$E45)/($B46-$B45),""),"null") | S45: =IFERROR(IF($A46=$A45,($I46-$I45)/($B46-$B45),""),"null") | T45: =IFERROR(IF($A46=$A45,($M46-$M45)/($B46-$B45),""),"null") | U45: =IFERROR(ROUND(E45,0),"null") -> 65 | V45: =IFERROR(ROUND(I45,0),"null") -> 58 | W45: =IFERROR(ROUND(M45,0),"null") -> 73 | X45: =IF(AND($A46=$A45,$U45=100,$U46=100),"fullaccesss","") | Y45: =IF(AND($A46=$A45,$V45=100,$V46=100),"fullaccesss","") | Z45: =IF(AND($A46=$A45,$W45=100,$W46=100),"fullaccesss","") | AA45: =IFERROR(IF(AND(S45<>"",T45<>""),S45-T45,""),"null")
A46: Bermuda | B46: 2015 | C46: 63.695 | D46: 100 | E46: 99.90314 | F46: 0 | G46: 0.096859983 | H46: 0 | I46: null | J46: null | K46: null | L46: null | M46: 99.90314 | N46: 0 | O46: 0.096859983 | P46: 0 | Q46: =IF(A47=A46,B47-B46,"") -> 5 | R46: =IFERROR(IF($A47=$A46,($E47-$E46)/($B47-$B46),""),"null") -> 0 | S46: =IFERROR(IF($A47=$A46,($I47-$I46)/($B47-$B46),""),"null") -> null | T46: =IFERROR(IF($A47=$A46,($M47-$M46)/($B47-$B46),""),"null") -> 0 | U46: =IFERROR(ROUND(E46,0),"null") -> 100 | V46: =IFERROR(ROUND(I46,0),"null") -> null | W46: =IFERROR(ROUND(M46,0),"null") -> 100 | X46: =IF(AND($A47=$A46,$U46=100,$U47=100),"fullaccesss","") -> fullaccesss | Y46: =IF(AND($A47=$A46,$V46=100,$V47=100),"fullaccesss","") | Z46: =IF(AND($A47=$A46,$W46=100,$W47=100),"fullaccesss","") -> fullaccesss | AA46: =IFERROR(IF(AND(S46<>"",T46<>""),S46-T46,""),"null") -> null
A47: Bermuda | B47: 2020 | C47: 62.272999 | D47: 100 | E47: 99.90314 | F47: 0 | G47: 0.096859983 | H47: 0 | I47: null | J47: null | K47: null | L47: null | M47: 99.90314 | N47: 0 | O47: 0.096859983 | P47: 0 | Q47: =IF(A48=A47,B48-B47,"") | R47: =IFERROR(IF($A48=$A47,($E48-$E47)/($B48-$B47),""),"null") | S47: =IFERROR(IF($A48=$A47,($I48-$I47)/($B48-$B47),""),"null") | T47: =IFERROR(IF($A48=$A47,($M48-$M47)/($B48-$B47),""),"null") | U47: =IFERROR(ROUND(E47,0),"null") -> 100 | V47: =IFERROR(ROUND(I47,0),"null") -> null | W47: =IFERROR(ROUND(M47,0),"null") -> 100 | X47: =IF(AND($A48=$A47,$U47=100,$U48=100),"fullaccesss","") | Y47: =IF(AND($A48=$A47,$V47=100,$V48=100),"fullaccesss","") | Z47: =IF(AND($A48=$A47,$W47=100,$W48=100),"fullaccesss","") | AA47: =IFERROR(IF(AND(S47<>"",T47<>""),S47-T47,""),"null")
A48: Bhutan | B48: 2015 | C48: 727.88501 | D48: 38.678001 | E48: 96.221423 | F48: 2.4965963 | G48: 0.29618738 | H48: 0.98579374 | I48: 95.164363 | J48: 3.2158589 | K48: 0.1935987 | L48: 1.4261794 | M48: 97.897337 | N48: 1.356242 | O48: 0.45883649 | P48: 0.2875847 | Q48: =IF(A49=A48,B49-B48,"") -> 5 | R48: =IFERROR(IF($A49=$A48,($E49-$E48)/($B49-$B48),""),"null") -> 0.21836001 | S48: =IFERROR(IF($A49=$A48,($I49-$I48)/($B49-$B48),""),"null") -> 0.31336614 | T48: =IFERROR(IF($A49=$A48,($M49-$M48)/($B49-$B48),""),"null") -> 0.041858342 | U48: =IFERROR(ROUND(E48,0),"null") -> 96 | V48: =IFERROR(ROUND(I48,0),"null") -> 95 | W48: =IFERROR(ROUND(M48,0),"null") -> 98 | X48: =IF(AND($A49=$A48,$U48=100,$U49=100),"fullaccesss","") | Y48: =IF(AND($A49=$A48,$V48=100,$V49=100),"fullaccesss","") | Z48: =IF(AND($A49=$A48,$W48=100,$W49=100),"fullaccesss","") | AA48: =IFERROR(IF(AND(S48<>"",T48<>""),S48-T48,""),"null") -> 0.2715078
A49: Bhutan | B49: 2020 | C49: 771.612 | D49: 42.315998 | E49: 97.313223 | F49: 2.4607126 | G49: 0.17642422 | H49: 0.049640541 | I49: 96.731194 | J49: 3.2688064 | K49: 0 | L49: 0 | M49: 98.106628 | N49: 1.3591415 | O49: 0.41692085 | P49: 0.11730916 | Q49: =IF(A50=A49,B50-B49,"") | R49: =IFERROR(IF($A50=$A49,($E50-$E49)/($B50-$B49),""),"null") | S49: =IFERROR(IF($A50=$A49,($I50-$I49)/($B50-$B49),""),"null") | T49: =IFERROR(IF($A50=$A49,($M50-$M49)/($B50-$B49),""),"null") | U49: =IFERROR(ROUND(E49,0),"null") -> 97 | V49: =IFERROR(ROUND(I49,0),"null") -> 97 | W49: =IFERROR(ROUND(M49,0),"null") -> 98 | X49: =IF(AND($A50=$A49,$U49=100,$U50=100),"fullaccesss","") | Y49: =IF(AND($A50=$A49,$V49=100,$V50=100),"fullaccesss","") | Z49: =IF(AND($A50=$A49,$W49=100,$W50=100),"fullaccesss","") | AA49: =IFERROR(IF(AND(S49<>"",T49<>""),S49-T49,""),"null")
A50: Bolivia (Plurinational State of) | B50: 2015 | C50: 10869.732 | D50: 68.392998 | E50: 90.462141 | F50: 0.1728984 | G50: 2.8324572 | H50: 6.5325034 | I50: 73.74018 | J50: 0.33996878 | K50: 5.9118005 | L50: 20.00805 | M50: 98.189997 | N50: 0.095688834 | O50: 1.4093725 | P50: 0.30494161 | Q50: =IF(A51=A50,B51-B50,"") -> 5 | R50: =IFERROR(IF($A51=$A50,($E51-$E50)/($B51-$B50),""),"null") -> 0.58558612 | S50: =IFERROR(IF($A51=$A50,($I51-$I50)/($B51-$B50),""),"null") -> 1.2392925 | T50: =IFERROR(IF($A51=$A50,($M51-$M50)/($B51-$B50),""),"null") -> 0.18642425 | U50: =IFERROR(ROUND(E50,0),"null") -> 90 | V50: =IFERROR(ROUND(I50,0),"null") -> 74 | W50: =IFERROR(ROUND(M50,0),"null") -> 98 | X50: =IF(AND($A51=$A50,$U50=100,$U51=100),"fullaccesss","") | Y50: =IF(AND($A51=$A50,$V50=100,$V51=100),"fullaccesss","") | Z50: =IF(AND($A51=$A50,$W50=100,$W51=100),"fullaccesss","") | AA50: =IFERROR(IF(AND(S50<>"",T50<>""),S50-T50,""),"null") -> 1.0528683
A51: Bolivia (Plurinational State of) | B51: 2020 | C51: 11673.029 | D51: 70.123001 | E51: 93.390072 | F51: 0.13659053 | G51: 1.5750108 | H51: 4.898327 | I51: 79.936643 | J51: 0.24473641 | K51: 3.9541337 | L51: 15.864487 | M51: 99.122118 | N51: 0.090513289 | O51: 0.56134538 | P51: 0.22602301 | Q51: =IF(A52=A51,B52-B51,"") | R51: =IFERROR(IF($A52=$A51,($E52-$E51)/($B52-$B51),""),"null") | S51: =IFERROR(IF($A52=$A51,($I52-$I51)/($B52-$B51),""),"null") | T51: =IFERROR(IF($A52=$A51,($M52-$M51)/($B52-$B51),""),"null") | U51: =IFERROR(ROUND(E51,0),"null") -> 93 | V51: =IFERROR(ROUND(I51,0),"null") -> 80 | W51: =IFERROR(ROUND(M51,0),"null") -> 99 | X51: =IF(AND($A52=$A51,$U51=100,$U52=100),"fullaccesss","") | Y51: =IF(AND($A52=$A51,$V51=100,$V52=100),"fullaccesss","") | Z51: =IF(AND($A52=$A51,$W51=100,$W52=100),"fullaccesss","") | AA51: =IFERROR(IF(AND(S51<>"",T51<>""),S51-T51,""),"null")
A52: Bosnia and Herzegovina | B52: 2015 | C52: 3429.3621 | D52: 47.172997 | E52: 96.159844 | F52: 3.78007 | G52: 0.060085849 | H52: 0 | I52: 97.333333 | J52: 2.6666667 | K52: 0 | L52: 0 | M52: 94.845704 | N52: 5.0269222 | O52: 0.12737339 | P52: 0 | Q52: =IF(A53=A52,B53-B52,"") -> 5 | R52: =IFERROR(IF($A53=$A52,($E53-$E52)/($B53-$B52),""),"null") -> -0.009189312 | S52: =IFERROR(IF($A53=$A52,($I53-$I52)/($B53-$B52),""),"null") -> 0 | T52: =IFERROR(IF($A53=$A52,($M53-$M52)/($B53-$B52),""),"null") -> 0 | U52: =IFERROR(ROUND(E52,0),"null") -> 96 | V52: =IFERROR(ROUND(I52,0),"null") -> 97 | W52: =IFERROR(ROUND(M52,0),"null") -> 95 | X52: =IF(AND($A53=$A52,$U52=100,$U53=100),"fullaccesss","") | Y52: =IF(AND($A53=$A52,$V52=100,$V53=100),"fullaccesss","") | Z52: =IF(AND($A53=$A52,$W52=100,$W53=100),"fullaccesss","") | AA52: =IFERROR(IF(AND(S52<>"",T52<>""),S52-T52,""),"null") -> 0
A53: Bosnia and Herzegovina | B53: 2020 | C53: 3280.8149 | D53: 49.02 | E53: 96.113898 | F53: 3.8236639 | G53: 0.062438438 | H53: 0 | I53: 97.333333 | J53: 2.6666667 | K53: 0 | L53: 0 | M53: 94.845704 | N53: 5.0269222 | O53: 0.12737339 | P53: 0 | Q53: =IF(A54=A53,B54-B53,"") | R53: =IFERROR(IF($A54=$A53,($E54-$E53)/($B54-$B53),""),"null") | S53: =IFERROR(IF($A54=$A53,($I54-$I53)/($B54-$B53),""),"null") | T53: =IFERROR(IF($A54=$A53,($M54-$M53)/($B54-$B53),""),"null") | U53: =IFERROR(ROUND(E53,0),"null") -> 96 | V53: =IFERROR(ROUND(I53,0),"null") -> 97 | W53: =IFERROR(ROUND(M53,0),"null") -> 95 | X53: =IF(AND($A54=$A53,$U53=100,$U54=100),"fullaccesss","") | Y53: =IF(AND($A54=$A53,$V53=100,$V54=100),"fullaccesss","") | Z53: =IF(AND($A54=$A53,$W53=100,$W54=100),"fullaccesss","") | AA53: =IFERROR(IF(AND(S53<>"",T53<>""),S53-T53,""),"null")
A54: Botswana | B54: 2015 | C54: 2120.7161 | D54: 67.154999 | E54: 88.44629 | F54: 8.4106142 | G54: 1.5783496 | H54: 1.5647467 | I54: 71.892534 | J54: 21.789328 | K54: 1.8541979 | L54: 4.4639407 | M54: 96.542603 | N54: 1.8671862 | O54: 1.4434385 | P54: 0.14677276 | Q54: =IF(A55=A54,B55-B54,"") -> 5 | R54: =IFERROR(IF($A55=$A54,($E55-$E54)/($B55-$B54),""),"null") -> 0.75345471 | S54: =IFERROR(IF($A55=$A54,($I55-$I54)/($B55-$B54),""),"null") -> 1.430238 | T54: =IFERROR(IF($A55=$A54,($M55-$M54)/($B55-$B54),""),"null") -> 0.2164756 | U54: =IFERROR(ROUND(E54,0),"null") -> 88 | V54: =IFERROR(ROUND(I54,0),"null") -> 72 | W54: =IFERROR(ROUND(M54,0),"null") -> 97 | X54: =IF(AND($A55=$A54,$U54=100,$U55=100),"fullaccesss","") | Y54: =IF(AND($A55=$A54,$V54=100,$V55=100),"fullaccesss","") | Z54: =IF(AND($A55=$A54,$W54=100,$W55=100),"fullaccesss","") | AA54: =IFERROR(IF(AND(S54<>"",T54<>""),S54-T54,""),"null") -> 1.2137624
A55: Botswana | B55: 2020 | C55: 2351.625 | D55: 70.876999 | E55: 92.213563 | F55: 4.723039 | G55: 1.7325265 | H55: 1.3308715 | I55: 79.043724 | J55: 15.154947 | K55: 1.5961192 | L55: 4.2052098 | M55: 97.624981 | N55: 0.43662003 | O55: 1.7885792 | P55: 0.14982023 | Q55: =IF(A56=A55,B56-B55,"") | R55: =IFERROR(IF($A56=$A55,($E56-$E55)/($B56-$B55),""),"null") | S55: =IFERROR(IF($A56=$A55,($I56-$I55)/($B56-$B55),""),"null") | T55: =IFERROR(IF($A56=$A55,($M56-$M55)/($B56-$B55),""),"null") | U55: =IFERROR(ROUND(E55,0),"null") -> 92 | V55: =IFERROR(ROUND(I55,0),"null") -> 79 | W55: =IFERROR(ROUND(M55,0),"null") -> 98 | X55: =IF(AND($A56=$A55,$U55=100,$U56=100),"fullaccesss","") | Y55: =IF(AND($A56=$A55,$V55=100,$V56=100),"fullaccesss","") | Z55: =IF(AND($A56=$A55,$W55=100,$W56=100),"fullaccesss","") | AA55: =IFERROR(IF(AND(S55<>"",T55<>""),S55-T55,""),"null")
A56: Brazil | B56: 2015 | C56: 204471.77 | D56: 85.770004 | E56: 97.803568 | F56: 0.57950002 | G56: 0.47496571 | H56: 1.1419667 | I56: 88.756028 | J56: 2.8537736 | K56: 0.36513424 | L56: 8.025064 | M56: 99.304631 | N56: 0.20217793 | O56: 0.49319105 | P56: 0 | Q56: =IF(A57=A56,B57-B56,"") -> 5 | R56: =IFERROR(IF($A57=$A56,($E57-$E56)/($B57-$B56),""),"null") -> 0.30345708 | S56: =IFERROR(IF($A57=$A56,($I57-$I56)/($B57-$B56),""),"null") -> 1.4378463 | T56: =IFERROR(IF($A57=$A56,($M57-$M56)/($B57-$B56),""),"null") -> 0.10347406 | U56: =IFERROR(ROUND(E56,0),"null") -> 98 | V56: =IFERROR(ROUND(I56,0),"null") -> 89 | W56: =IFERROR(ROUND(M56,0),"null") -> 99 | X56: =IF(AND($A57=$A56,$U56=100,$U57=100),"fullaccesss","") | Y56: =IF(AND($A57=$A56,$V56=100,$V57=100),"fullaccesss","") | Z56: =IF(AND($A57=$A56,$W56=100,$W57=100),"fullaccesss","") | AA56: =IFERROR(IF(AND(S56<>"",T56<>""),S56-T56,""),"null") -> 1.3343722
A57: Brazil | B57: 2020 | C57: 212559.41 | D57: 87.072998 | E57: 99.320853 | F57: 0.126549 | G57: 0.55259801 | H57: null | I57: 95.94526 | J57: 0.97895092 | K57: 3.0757896 | L57: null | M57: 99.822001 | N57: 0 | O57: 0.17799869 | P57: 0 | Q57: =IF(A58=A57,B58-B57,"") | R57: =IFERROR(IF($A58=$A57,($E58-$E57)/($B58-$B57),""),"null") | S57: =IFERROR(IF($A58=$A57,($I58-$I57)/($B58-$B57),""),"null") | T57: =IFERROR(IF($A58=$A57,($M58-$M57)/($B58-$B57),""),"null") | U57: =IFERROR(ROUND(E57,0),"null") -> 99 | V57: =IFERROR(ROUND(I57,0),"null") -> 96 | W57: =IFERROR(ROUND(M57,0),"null") -> 100 | X57: =IF(AND($A58=$A57,$U57=100,$U58=100),"fullaccesss","") | Y57: =IF(AND($A58=$A57,$V57=100,$V58=100),"fullaccesss","") | Z57: =IF(AND($A58=$A57,$W57=100,$W58=100),"fullaccesss","") | AA57: =IFERROR(IF(AND(S57<>"",T57<>""),S57-T57,""),"null")
A58: British Virgin Islands | B58: 2015 | C58: 29.148001 | D58: 46.583 | E58: 99.864384 | F58: 0 | G58: 0.13561644 | H58: 0 | I58: null | J58: null | K58: null | L58: null | M58: null | N58: null | O58: null | P58: null | Q58: =IF(A59=A58,B59-B58,"") -> 5 | R58: =IFERROR(IF($A59=$A58,($E59-$E58)/($B59-$B58),""),"null") -> 0 | S58: =IFERROR(IF($A59=$A58,($I59-$I58)/($B59-$B58),""),"null") -> null | T58: =IFERROR(IF($A59=$A58,($M59-$M58)/($B59-$B58),""),"null") -> null | U58: =IFERROR(ROUND(E58,0),"null") -> 100 | V58: =IFERROR(ROUND(I58,0),"null") -> null | W58: =IFERROR(ROUND(M58,0),"null") -> null | X58: =IF(AND($A59=$A58,$U58=100,$U59=100),"fullaccesss","") -> fullaccesss | Y58: =IF(AND($A59=$A58,$V58=100,$V59=100),"fullaccesss","") | Z58: =IF(AND($A59=$A58,$W58=100,$W59=100),"fullaccesss","") | AA58: =IFERROR(IF(AND(S58<>"",T58<>""),S58-T58,""),"null") -> null
A59: British Virgin Islands | B59: 2020 | C59: 30.237 | D59: 48.514999 | E59: 99.864384 | F59: 0 | G59: 0.13561644 | H59: 0 | I59: null | J59: null | K59: null | L59: null | M59: null | N59: null | O59: null | P59: null | Q59: =IF(A60=A59,B60-B59,"") | R59: =IFERROR(IF($A60=$A59,($E60-$E59)/($B60-$B59),""),"null") | S59: =IFERROR(IF($A60=$A59,($I60-$I59)/($B60-$B59),""),"null") | T59: =IFERROR(IF($A60=$A59,($M60-$M59)/($B60-$B59),""),"null") | U59: =IFERROR(ROUND(E59,0),"null") -> 100 | V59: =IFERROR(ROUND(I59,0),"null") -> null | W59: =IFERROR(ROUND(M59,0),"null") -> null | X59: =IF(AND($A60=$A59,$U59=100,$U60=100),"fullaccesss","") | Y59: =IF(AND($A60=$A59,$V59=100,$V60=100),"fullaccesss","") | Z59: =IF(AND($A60=$A59,$W59=100,$W60=100),"fullaccesss","") | AA59: =IFERROR(IF(AND(S59<>"",T59<>""),S59-T59,""),"null")
A60: Brunei Darussalam | B60: 2015 | C60: 414.914 | D60: 76.662994 | E60: 99.509976 | F60: 0 | G60: 0.39667583 | H60: 0.093348003 | I60: 99.05 | J60: 0 | K60: 0.55 | L60: 0.4 | M60: 99.65 | N60: 0 | O60: 0.35 | P60: 0 | Q60: =IF(A61=A60,B61-B60,"") -> 5 | R60: =IFERROR(IF($A61=$A60,($E61-$E60)/($B61-$B60),""),"null") -> 0.078012128 | S60: =IFERROR(IF($A61=$A60,($I61-$I60)/($B61-$B60),""),"null") -> null | T60: =IFERROR(IF($A61=$A60,($M61-$M60)/($B61-$B60),""),"null") -> 0 | U60: =IFERROR(ROUND(E60,0),"null") -> 100 | V60: =IFERROR(ROUND(I60,0),"null") -> 99 | W60: =IFERROR(ROUND(M60,0),"null") -> 100 | X60: =IF(AND($A61=$A60,$U60=100,$U61=100),"fullaccesss","") -> fullaccesss | Y60: =IF(AND($A61=$A60,$V60=100,$V61=100),"fullaccesss","") | Z60: =IF(AND($A61=$A60,$W60=100,$W61=100),"fullaccesss","") -> fullaccesss | AA60: =IFERROR(IF(AND(S60<>"",T60<>""),S60-T60,""),"null") -> null
A61: Brunei Darussalam | B61: 2020 | C61: 437.483 | D61: 78.250008 | E61: 99.900037 | F61: 0 | G61: 0.0999632 | H61: 0 | I61: null | J61: null | K61: null | L61: null | M61: 99.65 | N61: 0 | O61: 0.35 | P61: 0 | Q61: =IF(A62=A61,B62-B61,"") | R61: =IFERROR(IF($A62=$A61,($E62-$E61)/($B62-$B61),""),"null") | S61: =IFERROR(IF($A62=$A61,($I62-$I61)/($B62-$B61),""),"null") | T61: =IFERROR(IF($A62=$A61,($M62-$M61)/($B62-$B61),""),"null") | U61: =IFERROR(ROUND(E61,0),"null") -> 100 | V61: =IFERROR(ROUND(I61,0),"null") -> null | W61: =IFERROR(ROUND(M61,0),"null") -> 100 | X61: =IF(AND($A62=$A61,$U61=100,$U62=100),"fullaccesss","") | Y61: =IF(AND($A62=$A61,$V61=100,$V62=100),"fullaccesss","") | Z61: =IF(AND($A62=$A61,$W61=100,$W62=100),"fullaccesss","") | AA61: =IFERROR(IF(AND(S61<>"",T61<>""),S61-T61,""),"null")
A62: Bulgaria | B62: 2015 | C62: 7199.7388 | D62: 73.989998 | E62: 99.196327 | F62: 0 | G62: 0.80367269 | H62: 0 | I62: 98.01614 | J62: 0 | K62: 1.9838597 | L62: 0 | M62: 99.611208 | N62: 0 | O62: 0.38879228 | P62: 0 | Q62: =IF(A63=A62,B63-B62,"") -> 5 | R62: =IFERROR(IF($A63=$A62,($E63-$E62)/($B63-$B62),""),"null") -> -0.036982074 | S62: =IFERROR(IF($A63=$A62,($I63-$I62)/($B63-$B62),""),"null") -> -0.12297047 | T62: =IFERROR(IF($A63=$A62,($M63-$M62)/($B63-$B62),""),"null") -> -0.016507464 | U62: =IFERROR(ROUND(E62,0),"null") -> 99 | V62: =IFERROR(ROUND(I62,0),"null") -> 98 | W62: =IFERROR(ROUND(M62,0),"null") -> 100 | X62: =IF(AND($A63=$A62,$U62=100,$U63=100),"fullaccesss","") | Y62: =IF(AND($A63=$A62,$V62=100,$V63=100),"fullaccesss","") | Z62: =IF(AND($A63=$A62,$W62=100,$W63=100),"fullaccesss","") -> fullaccesss | AA62: =IFERROR(IF(AND(S62<>"",T62<>""),S62-T62,""),"null") -> -0.10646301
A63: Bulgaria | B63: 2020 | C63: 6948.4448 | D63: 75.685997 | E63: 99.011417 | F63: 0 | G63: 0.98858306 | H63: 0 | I63: 97.401288 | J63: 0 | K63: 2.598712 | L63: 0 | M63: 99.52867 | N63: 0 | O63: 0.4713296 | P63: 0 | Q63: =IF(A64=A63,B64-B63,"") | R63: =IFERROR(IF($A64=$A63,($E64-$E63)/($B64-$B63),""),"null") | S63: =IFERROR(IF($A64=$A63,($I64-$I63)/($B64-$B63),""),"null") | T63: =IFERROR(IF($A64=$A63,($M64-$M63)/($B64-$B63),""),"null") | U63: =IFERROR(ROUND(E63,0),"null") -> 99 | V63: =IFERROR(ROUND(I63,0),"null") -> 97 | W63: =IFERROR(ROUND(M63,0),"null") -> 100 | X63: =IF(AND($A64=$A63,$U63=100,$U64=100),"fullaccesss","") | Y63: =IF(AND($A64=$A63,$V63=100,$V64=100),"fullaccesss","") | Z63: =IF(AND($A64=$A63,$W63=100,$W64=100),"fullaccesss","") | AA63: =IFERROR(IF(AND(S63<>"",T63<>""),S63-T63,""),"null")
A64: Burkina Faso | B64: 2015 | C64: 18110.615 | D64: 27.530001 | E64: 50.137131 | F64: 25.673541 | G64: 22.430179 | H64: 1.759149 | I64: 38.855164 | J64: 30.202185 | K64: 28.648694 | L64: 2.2939571 | M64: 79.835792 | N64: 13.752335 | O64: 6.0605534 | P64: 0.35131982 | Q64: =IF(A65=A64,B65-B64,"") -> 5 | R64: =IFERROR(IF($A65=$A64,($E65-$E64)/($B65-$B64),""),"null") -> -0.58445533 | S64: =IFERROR(IF($A65=$A64,($I65-$I64)/($B65-$B64),""),"null") -> -1.227381 | T64: =IFERROR(IF($A65=$A64,($M65-$M64)/($B65-$B64),""),"null") -> 0.049225276 | U64: =IFERROR(ROUND(E64,0),"null") -> 50 | V64: =IFERROR(ROUND(I64,0),"null") -> 39 | W64: =IFERROR(ROUND(M64,0),"null") -> 80 | X64: =IF(AND($A65=$A64,$U64=100,$U65=100),"fullaccesss","") | Y64: =IF(AND($A65=$A64,$V64=100,$V65=100),"fullaccesss","") | Z64: =IF(AND($A65=$A64,$W64=100,$W65=100),"fullaccesss","") | AA64: =IFERROR(IF(AND(S64<>"",T64<>""),S64-T64,""),"null") -> -1.2766062
A65: Burkina Faso | B65: 2020 | C65: 20903.277 | D65: 30.607 | E65: 47.214854 | F65: 31.273003 | G65: 21.158633 | H65: 0.3535095 | I65: 32.718259 | J65: 38.626903 | K65: 28.340446 | L65: 0.31439286 | M65: 80.081919 | N65: 14.600049 | O65: 4.8758365 | P65: 0.44219578 | Q65: =IF(A66=A65,B66-B65,"") | R65: =IFERROR(IF($A66=$A65,($E66-$E65)/($B66-$B65),""),"null") | S65: =IFERROR(IF($A66=$A65,($I66-$I65)/($B66-$B65),""),"null") | T65: =IFERROR(IF($A66=$A65,($M66-$M65)/($B66-$B65),""),"null") | U65: =IFERROR(ROUND(E65,0),"null") -> 47 | V65: =IFERROR(ROUND(I65,0),"null") -> 33 | W65: =IFERROR(ROUND(M65,0),"null") -> 80 | X65: =IF(AND($A66=$A65,$U65=100,$U66=100),"fullaccesss","") | Y65: =IF(AND($A66=$A65,$V65=100,$V66=100),"fullaccesss","") | Z65: =IF(AND($A66=$A65,$W65=100,$W66=100),"fullaccesss","") | AA65: =IFERROR(IF(AND(S65<>"",T65<>""),S65-T65,""),"null")
A66: Burundi | B66: 2015 | C66: 10160.034 | D66: 12.078 | E66: 59.581469 | F66: 19.538892 | G66: 14.864993 | H66: 6.0146463 | I66: 55.558267 | J66: 21.166796 | K66: 16.594145 | L66: 6.680793 | M66: 88.868438 | N66: 7.6885395 | O66: 2.2776019 | P66: 1.165421 | Q66: =IF(A67=A66,B67-B66,"") -> 5 | R66: =IFERROR(IF($A67=$A66,($E67-$E66)/($B67-$B66),""),"null") -> 0.5251306 | S66: =IFERROR(IF($A67=$A66,($I67-$I66)/($B67-$B66),""),"null") -> 0.42549967 | T66: =IFERROR(IF($A67=$A66,($M67-$M66)/($B67-$B66),""),"null") -> 0.36013465 | U66: =IFERROR(ROUND(E66,0),"null") -> 60 | V66: =IFERROR(ROUND(I66,0),"null") -> 56 | W66: =IFERROR(ROUND(M66,0),"null") -> 89 | X66: =IF(AND($A67=$A66,$U66=100,$U67=100),"fullaccesss","") | Y66: =IF(AND($A67=$A66,$V66=100,$V67=100),"fullaccesss","") | Z66: =IF(AND($A67=$A66,$W66=100,$W67=100),"fullaccesss","") | AA66: =IFERROR(IF(AND(S66<>"",T66<>""),S66-T66,""),"null") -> 0.065365018
A67: Burundi | B67: 2020 | C67: 11890.781 | D67: 13.708 | E67: 62.207122 | F67: 19.439693 | G67: 14.75826 | H67: 3.5949249 | I67: 57.685765 | J67: 21.251482 | K67: 16.896752 | L67: 4.1660002 | M67: 90.669111 | N67: 8.0344629 | O67: 1.2964263 | P67: 0 | Q67: =IF(A68=A67,B68-B67,"") | R67: =IFERROR(IF($A68=$A67,($E68-$E67)/($B68-$B67),""),"null") | S67: =IFERROR(IF($A68=$A67,($I68-$I67)/($B68-$B67),""),"null") | T67: =IFERROR(IF($A68=$A67,($M68-$M67)/($B68-$B67),""),"null") | U67: =IFERROR(ROUND(E67,0),"null") -> 62 | V67: =IFERROR(ROUND(I67,0),"null") -> 58 | W67: =IFERROR(ROUND(M67,0),"null") -> 91 | X67: =IF(AND($A68=$A67,$U67=100,$U68=100),"fullaccesss","") | Y67: =IF(AND($A68=$A67,$V67=100,$V68=100),"fullaccesss","") | Z67: =IF(AND($A68=$A67,$W67=100,$W68=100),"fullaccesss","") | AA67: =IFERROR(IF(AND(S67<>"",T67<>""),S67-T67,""),"null")
A68: Cabo Verde | B68: 2015 | C68: 524.73999 | D68: 64.299995 | E68: 85.443342 | F68: 10.253078 | G68: 4.1519483 | H68: 0.15163169 | I68: 72.832314 | J68: 16.379795 | K68: 10.436761 | L68: 0.35113054 | M68: 92.445115 | N68: 6.8514639 | O68: 0.66255363 | P68: 0.040867954 | Q68: =IF(A69=A68,B69-B68,"") -> 5 | R68: =IFERROR(IF($A69=$A68,($E69-$E68)/($B69-$B68),""),"null") -> 0.66525281 | S68: =IFERROR(IF($A69=$A68,($I69-$I68)/($B69-$B68),""),"null") -> 1.4564423 | T68: =IFERROR(IF($A69=$A68,($M69-$M68)/($B69-$B68),""),"null") -> 0.1309771 | U68: =IFERROR(ROUND(E68,0),"null") -> 85 | V68: =IFERROR(ROUND(I68,0),"null") -> 73 | W68: =IFERROR(ROUND(M68,0),"null") -> 92 | X68: =IF(AND($A69=$A68,$U68=100,$U69=100),"fullaccesss","") | Y68: =IF(AND($A69=$A68,$V68=100,$V69=100),"fullaccesss","") | Z68: =IF(AND($A69=$A68,$W68=100,$W69=100),"fullaccesss","") | AA68: =IFERROR(IF(AND(S68<>"",T68<>""),S68-T68,""),"null") -> 1.3254652
A69: Cabo Verde | B69: 2020 | C69: 555.98798 | D69: 66.652 | E69: 88.769606 | F69: 7.9041508 | G69: 3.2091477 | H69: 0.11709501 | I69: 80.114525 | J69: 9.911127 | K69: 9.623217 | L69: 0.35113054 | M69: 93.1 | N69: 6.9 | O69: 0 | P69: 0 | Q69: =IF(A70=A69,B70-B69,"") | R69: =IFERROR(IF($A70=$A69,($E70-$E69)/($B70-$B69),""),"null") | S69: =IFERROR(IF($A70=$A69,($I70-$I69)/($B70-$B69),""),"null") | T69: =IFERROR(IF($A70=$A69,($M70-$M69)/($B70-$B69),""),"null") | U69: =IFERROR(ROUND(E69,0),"null") -> 89 | V69: =IFERROR(ROUND(I69,0),"null") -> 80 | W69: =IFERROR(ROUND(M69,0),"null") -> 93 | X69: =IF(AND($A70=$A69,$U69=100,$U70=100),"fullaccesss","") | Y69: =IF(AND($A70=$A69,$V69=100,$V70=100),"fullaccesss","") | Z69: =IF(AND($A70=$A69,$W69=100,$W70=100),"fullaccesss","") | AA69: =IFERROR(IF(AND(S69<>"",T69<>""),S69-T69,""),"null")
A70: Cambodia | B70: 2015 | C70: 15521.435 | D70: 22.188 | E70: 68.443849 | F70: 8.6032482 | G70: 9.6029948 | H70: 13.349908 | I70: 62.711117 | J70: 9.4320456 | K70: 11.750896 | L70: 16.105942 | M70: 88.548191 | N70: 5.6967035 | O70: 2.0704457 | P70: 3.6846594 | Q70: =IF(A71=A70,B71-B70,"") -> 5 | R70: =IFERROR(IF($A71=$A70,($E71-$E70)/($B71-$B70),""),"null") -> 0.5552072 | S70: =IFERROR(IF($A71=$A70,($I71-$I70)/($B71-$B70),""),"null") -> 0.47120783 | T70: =IFERROR(IF($A71=$A70,($M71-$M70)/($B71-$B70),""),"null") -> 0.38197715 | U70: =IFERROR(ROUND(E70,0),"null") -> 68 | V70: =IFERROR(ROUND(I70,0),"null") -> 63 | W70: =IFERROR(ROUND(M70,0),"null") -> 89 | X70: =IF(AND($A71=$A70,$U70=100,$U71=100),"fullaccesss","") | Y70: =IF(AND($A71=$A70,$V70=100,$V71=100),"fullaccesss","") | Z70: =IF(AND($A71=$A70,$W70=100,$W71=100),"fullaccesss","") | AA70: =IFERROR(IF(AND(S70<>"",T70<>""),S70-T70,""),"null") -> 0.089230684
A71: Cambodia | B71: 2020 | C71: 16718.971 | D71: 24.232 | E71: 71.219885 | F71: 13.902222 | G71: 5.6772186 | H71: 9.2006744 | I71: 65.067156 | J71: 15.517723 | K71: 7.4928993 | L71: 11.922222 | M71: 90.458077 | N71: 8.8509147 | O71: 0 | P71: 0.69100811 | Q71: =IF(A72=A71,B72-B71,"") | R71: =IFERROR(IF($A72=$A71,($E72-$E71)/($B72-$B71),""),"null") | S71: =IFERROR(IF($A72=$A71,($I72-$I71)/($B72-$B71),""),"null") | T71: =IFERROR(IF($A72=$A71,($M72-$M71)/($B72-$B71),""),"null") | U71: =IFERROR(ROUND(E71,0),"null") -> 71 | V71: =IFERROR(ROUND(I71,0),"null") -> 65 | W71: =IFERROR(ROUND(M71,0),"null") -> 90 | X71: =IF(AND($A72=$A71,$U71=100,$U72=100),"fullaccesss","") | Y71: =IF(AND($A72=$A71,$V71=100,$V72=100),"fullaccesss","") | Z71: =IF(AND($A72=$A71,$W71=100,$W72=100),"fullaccesss","") | AA71: =IFERROR(IF(AND(S71<>"",T71<>""),S71-T71,""),"null")
A72: Cameroon | B72: 2015 | C72: 23298.377 | D72: 54.577999 | E72: 63.97399 | F72: 11.238271 | G72: 17.651358 | H72: 7.136381 | I72: 42.005669 | J72: 11.073386 | K72: 32.394045 | L72: 14.5269 | M72: 82.256908 | N72: 11.375494 | O72: 5.3819035 | P72: 0.9856948 | Q72: =IF(A73=A72,B73-B72,"") -> 5 | R72: =IFERROR(IF($A73=$A72,($E73-$E72)/($B73-$B72),""),"null") -> 0.34928561 | S72: =IFERROR(IF($A73=$A72,($I73-$I72)/($B73-$B72),""),"null") -> 0.30438238 | T72: =IFERROR(IF($A73=$A72,($M73-$M72)/($B73-$B72),""),"null") -> -0.03466461 | U72: =IFERROR(ROUND(E72,0),"null") -> 64 | V72: =IFERROR(ROUND(I72,0),"null") -> 42 | W72: =IFERROR(ROUND(M72,0),"null") -> 82 | X72: =IF(AND($A73=$A72,$U72=100,$U73=100),"fullaccesss","") | Y72: =IF(AND($A73=$A72,$V72=100,$V73=100),"fullaccesss","") | Z72: =IF(AND($A73=$A72,$W72=100,$W73=100),"fullaccesss","") | AA72: =IFERROR(IF(AND(S72<>"",T72<>""),S72-T72,""),"null") -> 0.33904699
A73: Cameroon | B73: 2020 | C73: 26545.863 | D73: 57.560005 | E73: 65.720418 | F73: 12.874749 | G73: 15.001006 | H73: 6.4038269 | I73: 43.527581 | J73: 12.672599 | K73: 30.123806 | L73: 13.676013 | M73: 82.083585 | N73: 13.023797 | O73: 3.8507014 | P73: 1.041917 | Q73: =IF(A74=A73,B74-B73,"") | R73: =IFERROR(IF($A74=$A73,($E74-$E73)/($B74-$B73),""),"null") | S73: =IFERROR(IF($A74=$A73,($I74-$I73)/($B74-$B73),""),"null") | T73: =IFERROR(IF($A74=$A73,($M74-$M73)/($B74-$B73),""),"null") | U73: =IFERROR(ROUND(E73,0),"null") -> 66 | V73: =IFERROR(ROUND(I73,0),"null") -> 44 | W73: =IFERROR(ROUND(M73,0),"null") -> 82 | X73: =IF(AND($A74=$A73,$U73=100,$U74=100),"fullaccesss","") | Y73: =IF(AND($A74=$A73,$V73=100,$V74=100),"fullaccesss","") | Z73: =IF(AND($A74=$A73,$W73=100,$W74=100),"fullaccesss","") | AA73: =IFERROR(IF(AND(S73<>"",T73<>""),S73-T73,""),"null")
... A75: Canada | B75: 2020 | C75: 37742.156 | D75: 81.562004 | E75: 99.221811 | F75: 0 | G75: 0.77818934 | H75: 0 | I75: 99.060496 | J75: 0 | K75: 0.9395041 | L75: 0 | M75: 99.258278 | N75: 0 | O75: 0.74172234 | P75: 0 | Q75: =IF(A76=A75,B76-B75,"") | R75: =IFERROR(IF($A76=$A75,($E76-$E75)/($B76-$B75),""),"null") | S75: =IFERROR(IF($A76=$A75,($I76-$I75)/($B76-$B75),""),"null") | T75: =IFERROR(IF($A76=$A75,($M76-$M75)/($B76-$B75),""),"null") | U75: =IFERROR(ROUND(E75,0),"null") -> 99 | V75: =IFERROR(ROUND(I75,0),"null") -> 99 | W75: =IFERROR(ROUND(M75,0),"null") -> 99 | X75: =IF(AND($A76=$A75,$U75=100,$U76=100),"fullaccesss","") | Y75: =IF(AND($A76=$A75,$V75=100,$V76=100),"fullaccesss","") | Z75: =IF(AND($A76=$A75,$W75=100,$W76=100),"fullaccesss","") | AA75: =IFERROR(IF(AND(S75<>"",T75<>""),S75-T75,""),"null")
A76: Cayman Islands | B76: 2015 | C76: 61.721001 | D76: 100 | E76: 96.125 | F76: 0 | G76: 3.875 | H76: 0 | I76: null | J76: null | K76: null | L76: null | M76: 96.125 | N76: 0 | O76: 3.875 | P76: 0 | Q76: =IF(A77=A76,B77-B76,"") -> 1 | R76: =IFERROR(IF($A77=$A76,($E77-$E76)/($B77-$B76),""),"null") -> 0 | S76: =IFERROR(IF($A77=$A76,($I77-$I76)/($B77-$B76),""),"null") -> null | T76: =IFERROR(IF($A77=$A76,($M77-$M76)/($B77-$B76),""),"null") -> 0 | U76: =IFERROR(ROUND(E76,0),"null") -> 96 | V76: =IFERROR(ROUND(I76,0),"null") -> null | W76: =IFERROR(ROUND(M76,0),"null") -> 96 | X76: =IF(AND($A77=$A76,$U76=100,$U77=100),"fullaccesss","") | Y76: =IF(AND($A77=$A76,$V76=100,$V77=100),"fullaccesss","") | Z76: =IF(AND($A77=$A76,$W76=100,$W77=100),"fullaccesss","") | AA76: =IFERROR(IF(AND(S76<>"",T76<>""),S76-T76,""),"null") -> null
A77: Cayman Islands | B77: 2016 | C77: 62.563999 | D77: 100 | E77: 96.125 | F77: 0 | G77: 3.875 | H77: 0 | I77: null | J77: null | K77: null | L77: null | M77: 96.125 | N77: 0 | O77: 3.875 | P77: 0 | Q77: =IF(A78=A77,B78-B77,"") | R77: =IFERROR(IF($A78=$A77,($E78-$E77)/($B78-$B77),""),"null") | S77: =IFERROR(IF($A78=$A77,($I78-$I77)/($B78-$B77),""),"null") | T77: =IFERROR(IF($A78=$A77,($M78-$M77)/($B78-$B77),""),"null") | U77: =IFERROR(ROUND(E77,0),"null") -> 96 | V77: =IFERROR(ROUND(I77,0),"null") -> null | W77: =IFERROR(ROUND(M77,0),"null") -> 96 | X77: =IF(AND($A78=$A77,$U77=100,$U78=100),"fullaccesss","") | Y77: =IF(AND($A78=$A77,$V77=100,$V78=100),"fullaccesss","") | Z77: =IF(AND($A78=$A77,$W77=100,$W78=100),"fullaccesss","") | AA77: =IFERROR(IF(AND(S77<>"",T77<>""),S77-T77,""),"null")
A78: Central African Republic | B78: 2015 | C78: 4493.1709 | D78: 40.277 | E78: 42.311345 | F78: 21.343997 | G78: 32.010174 | H78: 4.3344833 | I78: 31.891408 | J78: 17.357854 | K78: 43.702609 | L78: 7.0481294 | M78: 57.762099 | N78: 27.254678 | O78: 14.672551 | P78: 0.31067171 | Q78: =IF(A79=A78,B79-B78,"") -> 5 | R78: =IFERROR(IF($A79=$A78,($E79-$E78)/($B79-$B78),""),"null") -> -1.0217887 | S78: =IFERROR(IF($A79=$A78,($I79-$I78)/($B79-$B78),""),"null") -> -0.75696273 | T78: =IFERROR(IF($A79=$A78,($M79-$M78)/($B79-$B78),""),"null") -> -1.6200868 | U78: =IFERROR(ROUND(E78,0),"null") -> 42 | V78: =IFERROR(ROUND(I78,0),"null") -> 32 | W78: =IFERROR(ROUND(M78,0),"null") -> 58 | X78: =IF(AND($A79=$A78,$U78=100,$U79=100),"fullaccesss","") | Y78: =IF(AND($A79=$A78,$V78=100,$V79=100),"fullaccesss","") | Z78: =IF(AND($A79=$A78,$W78=100,$W79=100),"fullaccesss","") | AA78: =IFERROR(IF(AND(S78<>"",T78<>""),S78-T78,""),"null") -> 0.86312408
A79: Central African Republic | B79: 2020 | C79: 4829.7642 | D79: 42.197998 | E79: 37.202402 | F79: 25.682373 | G79: 33.539114 | H79: 3.5761107 | I79: 28.106594 | J79: 19.40589 | K79: 46.373073 | L79: 6.1144429 | M79: 49.661665 | N79: 34.27978 | O79: 15.959402 | P79: 0.099152817 | Q79: =IF(A80=A79,B80-B79,"") | R79: =IFERROR(IF($A80=$A79,($E80-$E79)/($B80-$B79),""),"null") | S79: =IFERROR(IF($A80=$A79,($I80-$I79)/($B80-$B79),""),"null") | T79: =IFERROR(IF($A80=$A79,($M80-$M79)/($B80-$B79),""),"null") | U79: =IFERROR(ROUND(E79,0),"null") -> 37 | V79: =IFERROR(ROUND(I79,0),"null") -> 28 | W79: =IFERROR(ROUND(M79,0),"null") -> 50 | X79: =IF(AND($A80=$A79,$U79=100,$U80=100),"fullaccesss","") | Y79: =IF(AND($A80=$A79,$V79=100,$V80=100),"fullaccesss","") | Z79: =IF(AND($A80=$A79,$W79=100,$W80=100),"fullaccesss","") | AA79: =IFERROR(IF(AND(S79<>"",T79<>""),S79-T79,""),"null")
A80: Chad | B80: 2015 | C80: 14110.971 | D80: 22.515001 | E80: 44.399097 | F80: 13.516383 | G80: 34.70274 | H80: 7.38178 | I80: 35.578901 | J80: 13.876414 | K80: 41.266156 | L80: 9.2785288 | M80: 74.753652 | N80: 12.277342 | O80: 12.114856 | P80: 0.85414997 | Q80: =IF(A81=A80,B81-B80,"") -> 5 | R80: =IFERROR(IF($A81=$A80,($E81-$E80)/($B81-$B80),""),"null") -> 0.35768756 | S80: =IFERROR(IF($A81=$A80,($I81-$I80)/($B81-$B80),""),"null") -> 0.3992629 | T80: =IFERROR(IF($A81=$A80,($M81-$M80)/($B81-$B80),""),"null") -> -0.11228574 | U80: =IFERROR(ROUND(E80,0),"null") -> 44 | V80: =IFERROR(ROUND(I80,0),"null") -> 36 | W80: =IFERROR(ROUND(M80,0),"null") -> 75 | X80: =IF(AND($A81=$A80,$U80=100,$U81=100),"fullaccesss","") | Y80: =IF(AND($A81=$A80,$V80=100,$V81=100),"fullaccesss","") | Z80: =IF(AND($A81=$A80,$W80=100,$W81=100),"fullaccesss","") | AA80: =IFERROR(IF(AND(S80<>"",T80<>""),S80-T80,""),"null") -> 0.51154864
A81: Chad | B81: 2020 | C81: 16425.859 | D81: 23.52 | E81: 46.187535 | F81: 14.740289 | G81: 31.562457 | H81: 7.5097188 | I81: 37.575215 | J81: 14.353961 | K81: 38.524968 | L81: 9.545856 | M81: 74.192223 | N81: 15.996514 | O81: 8.9224527 | P81: 0.88881038 | Q81: =IF(A82=A81,B82-B81,"") | R81: =IFERROR(IF($A82=$A81,($E82-$E81)/($B82-$B81),""),"null") | S81: =IFERROR(IF($A82=$A81,($I82-$I81)/($B82-$B81),""),"null") | T81: =IFERROR(IF($A82=$A81,($M82-$M81)/($B82-$B81),""),"null") | U81: =IFERROR(ROUND(E81,0),"null") -> 46 | V81: =IFERROR(ROUND(I81,0),"null") -> 38 | W81: =IFERROR(ROUND(M81,0),"null") -> 74 | X81: =IF(AND($A82=$A81,$U81=100,$U82=100),"fullaccesss","") | Y81: =IF(AND($A82=$A81,$V81=100,$V82=100),"fullaccesss","") | Z81: =IF(AND($A82=$A81,$W81=100,$W82=100),"fullaccesss","") | AA81: =IFERROR(IF(AND(S81<>"",T81<>""),S81-T81,""),"null")
A82: Channel Islands | B82: 2015 | C82: 165.38699 | D82: 30.961998 | E82: 94.15 | F82: 0 | G82: 5.85 | H82: 0 | I82: null | J82: null | K82: null | L82: null | M82: null | N82: null | O82: null | P82: null | Q82: =IF(A83=A82,B83-B82,"") -> 2 | R82: =IFERROR(IF($A83=$A82,($E83-$E82)/($B83-$B82),""),"null") -> 0 | S82: =IFERROR(IF($A83=$A82,($I83-$I82)/($B83-$B82),""),"null") -> null | T82: =IFERROR(IF($A83=$A82,($M83-$M82)/($B83-$B82),""),"null") -> null | U82: =IFERROR(ROUND(E82,0),"null") -> 94 | V82: =IFERROR(ROUND(I82,0),"null") -> null | W82: =IFERROR(ROUND(M82,0),"null") -> null | X82: =IF(AND($A83=$A82,$U82=100,$U83=100),"fullaccesss","") | Y82: =IF(AND($A83=$A82,$V82=100,$V83=100),"fullaccesss","") | Z82: =IF(AND($A83=$A82,$W82=100,$W83=100),"fullaccesss","") | AA82: =IFERROR(IF(AND(S82<>"",T82<>""),S82-T82,""),"null") -> null
A83: Channel Islands | B83: 2017 | C83: 168.666 | D83: 30.914 | E83: 94.15 | F83: 0 | G83: 5.85 | H83: 0 | I83: null | J83: null | K83: null | L83: null | M83: null | N83: null | O83: null | P83: null | Q83: =IF(A84=A83,B84-B83,"") | R83: =IFERROR(IF($A84=$A83,($E84-$E83)/($B84-$B83),""),"null") | S83: =IFERROR(IF($A84=$A83,($I84-$I83)/($B84-$B83),""),"null") | T83: =IFERROR(IF($A84=$A83,($M84-$M83)/($B84-$B83),""),"null") | U83: =IFERROR(ROUND(E83,0),"null") -> 94 | V83: =IFERROR(ROUND(I83,0),"null") -> null | W83: =IFERROR(ROUND(M83,0),"null") -> null | X83: =IF(AND($A84=$A83,$U83=100,$U84=100),"fullaccesss","") | Y83: =IF(AND($A84=$A83,$V83=100,$V84=100),"fullaccesss","") | Z83: =IF(AND($A84=$A83,$W83=100,$W84=100),"fullaccesss","") | AA83: =IFERROR(IF(AND(S83<>"",T83<>""),S83-T83,""),"null")
A84: Chile | B84: 2015 | C84: 17969.355 | D84: 87.360001 | E84: 99.506493 | F84: 0 | G84: 0.49350728 | H84: 0 | I84: 97.067699 | J84: 0 | K84: 2.9323015 | L84: 0 | M84: 99.859357 | N84: 0 | O84: 0.14064302 | P84: 0 | Q84: =IF(A85=A84,B85-B84,"") -> 5 | R84: =IFERROR(IF($A85=$A84,($E85-$E84)/($B85-$B84),""),"null") -> 0.0987012 | S84: =IFERROR(IF($A85=$A84,($I85-$I84)/($B85-$B84),""),"null") -> 0.5864603 | T84: =IFERROR(IF($A85=$A84,($M85-$M84)/($B85-$B84),""),"null") -> 0.028128604 | U84: =IFERROR(ROUND(E84,0),"null") -> 100 | V84: =IFERROR(ROUND(I84,0),"null") -> 97 | W84: =IFERROR(ROUND(M84,0),"null") -> 100 | X84: =IF(AND($A85=$A84,$U84=100,$U85=100),"fullaccesss","") -> fullaccesss | Y84: =IF(AND($A85=$A84,$V84=100,$V85=100),"fullaccesss","") | Z84: =IF(AND($A85=$A84,$W84=100,$W85=100),"fullaccesss","") -> fullaccesss | AA84: =IFERROR(IF(AND(S84<>"",T84<>""),S84-T84,""),"null") -> 0.5583317
A85: Chile | B85: 2020 | C85: 19116.209 | D85: 87.726997 | E85: 99.999999 | F85: 0 | G85: 1.2771393e-06 | H85: 0 | I85: 100 | J85: 0 | K85: 0 | L85: 0 | M85: 100 | N85: 0 | O85: 0 | P85: 0 | Q85: =IF(A86=A85,B86-B85,"") | R85: =IFERROR(IF($A86=$A85,($E86-$E85)/($B86-$B85),""),"null") | S85: =IFERROR(IF($A86=$A85,($I86-$I85)/($B86-$B85),""),"null") | T85: =IFERROR(IF($A86=$A85,($M86-$M85)/($B86-$B85),""),"null") | U85: =IFERROR(ROUND(E85,0),"null") -> 100 | V85: =IFERROR(ROUND(I85,0),"null") -> 100 | W85: =IFERROR(ROUND(M85,0),"null") -> 100 | X85: =IF(AND($A86=$A85,$U85=100,$U86=100),"fullaccesss","") | Y85: =IF(AND($A86=$A85,$V85=100,$V86=100),"fullaccesss","") | Z85: =IF(AND($A86=$A85,$W85=100,$W86=100),"fullaccesss","") | AA85: =IFERROR(IF(AND(S85<>"",T85<>""),S85-T85,""),"null")
A86: China | B86: 2015 | C86: 1430405.4 | D86: 55.852707 | E86: 91.762641 | F86: 0.81876266 | G86: 6.7820774 | H86: 0.6365187 | I86: 84.479188 | J86: 1.5118631 | K86: 12.952949 | L86: 1.056 | M86: 97.519654 | N86: 0.2709198 | O86: 1.9044754 | P86: 0.30495082 | Q86: =IF(A87=A86,B87-B86,"") -> 5 | R86: =IFERROR(IF($A87=$A86,($E87-$E86)/($B87-$B86),""),"null") -> 0.49969387 | S86: =IFERROR(IF($A87=$A86,($I87-$I86)/($B87-$B86),""),"null") -> 1.0364091 | T86: =IFERROR(IF($A87=$A86,($M87-$M86)/($B87-$B86),""),"null") -> -0.08095426 | U86: =IFERROR(ROUND(E86,0),"null") -> 92 | V86: =IFERROR(ROUND(I86,0),"null") -> 84 | W86: =IFERROR(ROUND(M86,0),"null") -> 98 | X86: =IF(AND($A87=$A86,$U86=100,$U87=100),"fullaccesss","") | Y86: =IF(AND($A87=$A86,$V86=100,$V87=100),"fullaccesss","") | Z86: =IF(AND($A87=$A86,$W86=100,$W87=100),"fullaccesss","") | AA86: =IFERROR(IF(AND(S86<>"",T86<>""),S86-T86,""),"null") -> 1.1173634
A87: China | B87: 2020 | C87: 1463140.5 | D87: 61.713089 | E87: 94.261111 | F87: 0.81472133 | G87: 4.7254519 | H87: 0.19871614 | I87: 89.661234 | J87: 1.8326791 | K87: 8.5060874 | L87: 0 | M87: 97.114883 | N87: 0.18317849 | O87: 2.3799388 | P87: 0.322 | Q87: =IF(A88=A87,B88-B87,"") | R87: =IFERROR(IF($A88=$A87,($E88-$E87)/($B88-$B87),""),"null") | S87: =IFERROR(IF($A88=$A87,($I88-$I87)/($B88-$B87),""),"null") | T87: =IFERROR(IF($A88=$A87,($M88-$M87)/($B88-$B87),""),"null") | U87: =IFERROR(ROUND(E87,0),"null") -> 94 | V87: =IFERROR(ROUND(I87,0),"null") -> 90 | W87: =IFERROR(ROUND(M87,0),"null") -> 97 | X87: =IF(AND($A88=$A87,$U87=100,$U88=100),"fullaccesss","") | Y87: =IF(AND($A88=$A87,$V87=100,$V88=100),"fullaccesss","") | Z87: =IF(AND($A88=$A87,$W87=100,$W88=100),"fullaccesss","") | AA87: =IFERROR(IF(AND(S87<>"",T87<>""),S87-T87,""),"null")
A88: China, Hong Kong SAR | B88: 2015 | C88: 7185.9922 | D88: 100 | E88: 100 | F88: 0 | G88: 0 | H88: 0 | I88: null | J88: null | K88: null | L88: null | M88: 100 | N88: 0 | O88: 0 | P88: 0 | Q88: =IF(A89=A88,B89-B88,"") -> 5 | R88: =IFERROR(IF($A89=$A88,($E89-$E88)/($B89-$B88),""),"null") -> 0 | S88: =IFERROR(IF($A89=$A88,($I89-$I88)/($B89-$B88),""),"null") -> null | T88: =IFERROR(IF($A89=$A88,($M89-$M88)/($B89-$B88),""),"null") -> 0 | U88: =IFERROR(ROUND(E88,0),"null") -> 100 | V88: =IFERROR(ROUND(I88,0),"null") -> null | W88: =IFERROR(ROUND(M88,0),"null") -> 100 | X88: =IF(AND($A89=$A88,$U88=100,$U89=100),"fullaccesss","") -> fullaccesss | Y88: =IF(AND($A89=$A88,$V88=100,$V89=100),"fullaccesss","") | Z88: =IF(AND($A89=$A88,$W88=100,$W89=100),"fullaccesss","") -> fullaccesss | AA88: =IFERROR(IF(AND(S88<>"",T88<>""),S88-T88,""),"null") -> null
A89: China, Hong Kong SAR | B89: 2020 | C89: 7496.9878 | D89: 100 | E89: 100 | F89: 0 | G89: 0 | H89: 0 | I89: null | J89: null | K89: null | L89: null | M89: 100 | N89: 0 | O89: 0 | P89: 0 | Q89: =IF(A90=A89,B90-B89,"") | R89: =IFERROR(IF($A90=$A89,($E90-$E89)/($B90-$B89),""),"null") | S89: =IFERROR(IF($A90=$A89,($I90-$I89)/($B90-$B89),""),"null") | T89: =IFERROR(IF($A90=$A89,($M90-$M89)/($B90-$B89),""),"null") | U89: =IFERROR(ROUND(E89,0),"null") -> 100 | V89: =IFERROR(ROUND(I89,0),"null") -> null | W89: =IFERROR(ROUND(M89,0),"null") -> 100 | X89: =IF(AND($A90=$A89,$U89=100,$U90=100),"fullaccesss","") | Y89: =IF(AND($A90=$A89,$V89=100,$V90=100),"fullaccesss","") | Z89: =IF(AND($A90=$A89,$W89=100,$W90=100),"fullaccesss","") | AA89: =IFERROR(IF(AND(S89<>"",T89<>""),S89-T89,""),"null")
A90: China, Macao SAR | B90: 2015 | C90: 602.09302 | D90: 100 | E90: 100 | F90: 0 | G90: 0 | H90: 0 | I90: null | J90: null | K90: null | L90: null | M90: 100 | N90: 0 | O90: 0 | P90: 0 | Q90: =IF(A91=A90,B91-B90,"") -> 5 | R90: =IFERROR(IF($A91=$A90,($E91-$E90)/($B91-$B90),""),"null") -> 0 | S90: =IFERROR(IF($A91=$A90,($I91-$I90)/($B91-$B90),""),"null") -> null | T90: =IFERROR(IF($A91=$A90,($M91-$M90)/($B91-$B90),""),"null") -> 0 | U90: =IFERROR(ROUND(E90,0),"null") -> 100 | V90: =IFERROR(ROUND(I90,0),"null") -> null | W90: =IFERROR(ROUND(M90,0),"null") -> 100 | X90: =IF(AND($A91=$A90,$U90=100,$U91=100),"fullaccesss","") -> fullaccesss | Y90: =IF(AND($A91=$A90,$V90=100,$V91=100),"fullaccesss","") | Z90: =IF(AND($A91=$A90,$W90=100,$W91=100),"fullaccesss","") -> fullaccesss | AA90: =IFERROR(IF(AND(S90<>"",T90<>""),S90-T90,""),"null") -> null
A91: China, Macao SAR | B91: 2020 | C91: 649.34198 | D91: 100 | E91: 100 | F91: 0 | G91: 0 | H91: 0 | I91: null | J91: null | K91: null | L91: null | M91: 100 | N91: 0 | O91: 0 | P91: 0 | Q91: =IF(A92=A91,B92-B91,"") | R91: =IFERROR(IF($A92=$A91,($E92-$E91)/($B92-$B91),""),"null") | S91: =IFERROR(IF($A92=$A91,($I92-$I91)/($B92-$B91),""),"null") | T91: =IFERROR(IF($A92=$A91,($M92-$M91)/($B92-$B91),""),"null") | U91: =IFERROR(ROUND(E91,0),"null") -> 100 | V91: =IFERROR(ROUND(I91,0),"null") -> null | W91: =IFERROR(ROUND(M91,0),"null") -> 100 | X91: =IF(AND($A92=$A91,$U91=100,$U92=100),"fullaccesss","") | Y91: =IF(AND($A92=$A91,$V91=100,$V92=100),"fullaccesss","") | Z91: =IF(AND($A92=$A91,$W91=100,$W92=100),"fullaccesss","") | AA91: =IFERROR(IF(AND(S91<>"",T91<>""),S91-T91,""),"null")
A92: Colombia | B92: 2015 | C92: 47520.668 | D92: 79.764 | E92: 96.335868 | F92: 0.18405199 | G92: 1.7034451 | H92: 1.7766348 | I92: 83.273726 | J92: 0.68766563 | K92: 7.2590324 | L92: 8.7795762 | M92: 99.649712 | N92: 0.05628603 | O92: 0.2940016 | P92: 0 | Q92: =IF(A93=A92,B93-B92,"") -> 5 | R92: =IFERROR(IF($A93=$A92,($E93-$E92)/($B93-$B92),""),"null") -> 0.2311578 | S92: =IFERROR(IF($A93=$A92,($I93-$I92)/($B93-$B92),""),"null") -> 0.69866939 | T92: =IFERROR(IF($A93=$A92,($M93-$M92)/($B93-$B92),""),"null") -> 0.057696086 | U92: =IFERROR(ROUND(E92,0),"null") -> 96 | V92: =IFERROR(ROUND(I92,0),"null") -> 83 | W92: =IFERROR(ROUND(M92,0),"null") -> 100 | X92: =IF(AND($A93=$A92,$U92=100,$U93=100),"fullaccesss","") | Y92: =IF(AND($A93=$A92,$V92=100,$V93=100),"fullaccesss","") | Z92: =IF(AND($A93=$A92,$W92=100,$W93=100),"fullaccesss","") -> fullaccesss | AA92: =IFERROR(IF(AND(S92<>"",T92<>""),S92-T92,""),"null") -> 0.64097331
A93: Colombia | B93: 2020 | C93: 50882.883 | D93: 81.424995 | E93: 97.491657 | F93: 0.18615216 | G93: 0.95361622 | H93: 1.3685745 | I93: 86.767073 | J93: 0.7312282 | K93: 5.133869 | L93: 7.36783 | M93: 99.938193 | N93: 0.0618072 | O93: 0 | P93: 0 | Q93: =IF(A94=A93,B94-B93,"") | R93: =IFERROR(IF($A94=$A93,($E94-$E93)/($B94-$B93),""),"null") | S93: =IFERROR(IF($A94=$A93,($I94-$I93)/($B94-$B93),""),"null") | T93: =IFERROR(IF($A94=$A93,($M94-$M93)/($B94-$B93),""),"null") | U93: =IFERROR(ROUND(E93,0),"null") -> 97 | V93: =IFERROR(ROUND(I93,0),"null") -> 87 | W93: =IFERROR(ROUND(M93,0),"null") -> 100 | X93: =IF(AND($A94=$A93,$U93=100,$U94=100),"fullaccesss","") | Y93: =IF(AND($A94=$A93,$V93=100,$V94=100),"fullaccesss","") | Z93: =IF(AND($A94=$A93,$W93=100,$W94=100),"fullaccesss","") | AA93: =IFERROR(IF(AND(S93<>"",T93<>""),S93-T93,""),"null")
A94: Comoros | B94: 2015 | C94: 777.435 | D94: 28.470001 | E94: 80.132 | F94: 10.877265 | G94: 8.3951934 | H94: 0.59554149 | I94: 76.911723 | J94: 11.568647 | K94: 10.822454 | L94: 0.69717486 | M94: 88.222846 | N94: 9.1401885 | O94: 2.2967751 | P94: 0.3401908 | Q94: =IF(A95=A94,B95-B94,"") -> 4 | R94: =IFERROR(IF($A95=$A94,($E95-$E94)/($B95-$B94),""),"null") -> 0.019624433 | S94: =IFERROR(IF($A95=$A94,($I95-$I94)/($B95-$B94),""),"null") -> 0 | T94: =IFERROR(IF($A95=$A94,($M95-$M94)/($B95-$B94),""),"null") -> 0 | U94: =IFERROR(ROUND(E94,0),"null") -> 80 | V94: =IFERROR(ROUND(I94,0),"null") -> 77 | W94: =IFERROR(ROUND(M94,0),"null") -> 88 | X94: =IF(AND($A95=$A94,$U94=100,$U95=100),"fullaccesss","") | Y94: =IF(AND($A95=$A94,$V94=100,$V95=100),"fullaccesss","") | Z94: =IF(AND($A95=$A94,$W94=100,$W95=100),"fullaccesss","") | AA94: =IFERROR(IF(AND(S94<>"",T94<>""),S94-T94,""),"null") -> 0
A95: Comoros | B95: 2019 | C95: 850.89099 | D95: 29.164001 | E95: 80.210498 | F95: 10.860411 | G95: 8.9290909 | H95: null | I95: 76.911723 | J95: 11.568647 | K95: 11.519629 | L95: null | M95: 88.222846 | N95: 9.1401885 | O95: 2.2967751 | P95: 0.3401908 | Q95: =IF(A96=A95,B96-B95,"") | R95: =IFERROR(IF($A96=$A95,($E96-$E95)/($B96-$B95),""),"null") | S95: =IFERROR(IF($A96=$A95,($I96-$I95)/($B96-$B95),""),"null") | T95: =IFERROR(IF($A96=$A95,($M96-$M95)/($B96-$B95),""),"null") | U95: =IFERROR(ROUND(E95,0),"null") -> 80 | V95: =IFERROR(ROUND(I95,0),"null") -> 77 | W95: =IFERROR(ROUND(M95,0),"null") -> 88 | X95: =IF(AND($A96=$A95,$U95=100,$U96=100),"fullaccesss","") | Y95: =IF(AND($A96=$A95,$V95=100,$V96=100),"fullaccesss","") | Z95: =IF(AND($A96=$A95,$W95=100,$W96=100),"fullaccesss","") | AA95: =IFERROR(IF(AND(S95<>"",T95<>""),S95-T95,""),"null")
A96: Congo | B96: 2015 | C96: 4856.0928 | D96: 65.542999 | E96: 71.149582 | F96: 10.510526 | G96: 11.662046 | H96: 6.6778459 | I96: 41.391836 | J96: 10.739573 | K96: 28.501849 | L96: 19.366743 | M96: 86.793705 | N96: 10.390113 | O96: 2.8090907 | P96: 0.0070910959 | Q96: =IF(A97=A96,B97-B96,"") -> 5 | R96: =IFERROR(IF($A97=$A96,($E97-$E96)/($B97-$B96),""),"null") -> 0.52698596 | S96: =IFERROR(IF($A97=$A96,($I97-$I96)/($B97-$B96),""),"null") -> 0.86651545 | T96: =IFERROR(IF($A97=$A96,($M97-$M96)/($B97-$B96),""),"null") -> 0.0599182 | U96: =IFERROR(ROUND(E96,0),"null") -> 71 | V96: =IFERROR(ROUND(I96,0),"null") -> 41 | W96: =IFERROR(ROUND(M96,0),"null") -> 87 | X96: =IF(AND($A97=$A96,$U96=100,$U97=100),"fullaccesss","") | Y96: =IF(AND($A97=$A96,$V96=100,$V97=100),"fullaccesss","") | Z96: =IF(AND($A97=$A96,$W96=100,$W97=100),"fullaccesss","") | AA96: =IFERROR(IF(AND(S96<>"",T96<>""),S96-T96,""),"null") -> 0.80659725
A97: Congo | B97: 2020 | C97: 5518.0918 | D97: 67.829002 | E97: 73.784512 | F97: 10.461172 | G97: 9.5591807 | H97: 6.1951357 | I97: 45.724413 | J97: 10.63239 | K97: 24.40517 | L97: 19.238027 | M97: 87.093296 | N97: 10.379964 | O97: 2.51779 | P97: 0.0089494521 | Q97: =IF(A98=A97,B98-B97,"") | R97: =IFERROR(IF($A98=$A97,($E98-$E97)/($B98-$B97),""),"null") | S97: =IFERROR(IF($A98=$A97,($I98-$I97)/($B98-$B97),""),"null") | T97: =IFERROR(IF($A98=$A97,($M98-$M97)/($B98-$B97),""),"null") | U97: =IFERROR(ROUND(E97,0),"null") -> 74 | V97: =IFERROR(ROUND(I97,0),"null") -> 46 | W97: =IFERROR(ROUND(M97,0),"null") -> 87 | X97: =IF(AND($A98=$A97,$U97=100,$U98=100),"fullaccesss","") | Y97: =IF(AND($A98=$A97,$V97=100,$V98=100),"fullaccesss","") | Z97: =IF(AND($A98=$A97,$W97=100,$W98=100),"fullaccesss","") | AA97: =IFERROR(IF(AND(S97<>"",T97<>""),S97-T97,""),"null")
A98: Cook Islands | B98: 2015 | C98: 17.580999 | D98: 74.403999 | E98: 99.953671 | F98: 0 | G98: 0.046328976 | H98: 0 | I98: null | J98: null | K98: null | L98: null | M98: null | N98: null | O98: null | P98: null | Q98: =IF(A99=A98,B99-B98,"") -> 5 | R98: =IFERROR(IF($A99=$A98,($E99-$E98)/($B99-$B98),""),"null") -> 0.00358784 | S98: =IFERROR(IF($A99=$A98,($I99-$I98)/($B99-$B98),""),"null") -> null | T98: =IFERROR(IF($A99=$A98,($M99-$M98)/($B99-$B98),""),"null") -> null | U98: =IFERROR(ROUND(E98,0),"null") -> 100 | V98: =IFERROR(ROUND(I98,0),"null") -> null | W98: =IFERROR(ROUND(M98,0),"null") -> null | X98: =IF(AND($A99=$A98,$U98=100,$U99=100),"fullaccesss","") -> fullaccesss | Y98: =IF(AND($A99=$A98,$V98=100,$V99=100),"fullaccesss","") | Z98: =IF(AND($A99=$A98,$W98=100,$W99=100),"fullaccesss","") | AA98: =IFERROR(IF(AND(S98<>"",T98<>""),S98-T98,""),"null") -> null
A99: Cook Islands | B99: 2020 | C99: 17.563999 | D99: 75.495003 | E99: 99.97161 | F99: 0 | G99: 0.028389783 | H99: 0 | I99: null | J99: null | K99: null | L99: null | M99: null | N99: null | O99: null | P99: null | Q99: =IF(A100=A99,B100-B99,"") | R99: =IFERROR(IF($A100=$A99,($E100-$E99)/($B100-$B99),""),"null") | S99: =IFERROR(IF($A100=$A99,($I100-$I99)/($B100-$B99),""),"null") | T99: =IFERROR(IF($A100=$A99,($M100-$M99)/($B100-$B99),""),"null") | U99: =IFERROR(ROUND(E99,0),"null") -> 100 | V99: =IFERROR(ROUND(I99,0),"null") -> null | W99: =IFERROR(ROUND(M99,0),"null") -> null | X99: =IF(AND($A100=$A99,$U99=100,$U100=100),"fullaccesss","") | Y99: =IF(AND($A100=$A99,$V99=100,$V100=100),"fullaccesss","") | Z99: =IF(AND($A100=$A99,$W99=100,$W100=100),"fullaccesss","") | AA99: =IFERROR(IF(AND(S99<>"",T99<>""),S99-T99,""),"null")
A100: Costa Rica | B100: 2015 | C100: 4847.8052 | D100: 76.862 | E100: 99.378687 | F100: 0.25413038 | G100: 0.21133502 | H100: 0.15584778 | I100: 98.186032 | J100: 0.41006115 | K100: 0.73034858 | L100: 0.67355778 | M100: 99.737715 | N100: 0.20719007 | O100: 0.055094818 | P100: 0 | Q100: =IF(A101=A100,B101-B100,"") -> 5 | R100: =IFERROR(IF($A101=$A100,($E101-$E100)/($B101-$B100),""),"null") -> 0.086370022 | S100: =IFERROR(IF($A101=$A100,($I101-$I100)/($B101-$B100),""),"null") -> 0.2920435 | T100: =IFERROR(IF($A101=$A100,($M101-$M100)/($B101-$B100),""),"null") -> 0.02238755 | U100: =IFERROR(ROUND(E100,0),"null") -> 99 | V100: =IFERROR(ROUND(I100,0),"null") -> 98 | W100: =IFERROR(ROUND(M100,0),"null") -> 100 | X100: =IF(AND($A101=$A100,$U100=100,$U101=100),"fullaccesss","") | Y100: =IF(AND($A101=$A100,$V100=100,$V101=100),"fullaccesss","") | Z100: =IF(AND($A101=$A100,$W100=100,$W101=100),"fullaccesss","") -> fullaccesss | AA100: =IFERROR(IF(AND(S100<>"",T100<>""),S100-T100,""),"null") -> 0.26965595
A101: Costa Rica | B101: 2020 | C101: 5094.1138 | D101: 80.770996 | E101: 99.810537 | F101: 0.18945947 | G101: 3.5944519e-06 | H101: 0 | I101: 99.64625 | J101: 0.35375 | K101: 0 | L101: 0 | M101: 99.849653 | N101: 0.15034714 | O101: 0 | P101: 0 | Q101: =IF(A102=A101,B102-B101,"") | R101: =IFERROR(IF($A102=$A101,($E102-$E101)/($B102-$B101),""),"null") | S101: =IFERROR(IF($A102=$A101,($I102-$I101)/($B102-$B101),""),"null") | T101: =IFERROR(IF($A102=$A101,($M102-$M101)/($B102-$B101),""),"null") | U101: =IFERROR(ROUND(E101,0),"null") -> 100 | V101: =IFERROR(ROUND(I101,0),"null") -> 100 | W101: =IFERROR(ROUND(M101,0),"null") -> 100 | X101: =IF(AND($A102=$A101,$U101=100,$U102=100),"fullaccesss","") | Y101: =IF(AND($A102=$A101,$V101=100,$V102=100),"fullaccesss","") | Z101: =IF(AND($A102=$A101,$W101=100,$W102=100),"fullaccesss","") | AA101: =IFERROR(IF(AND(S101<>"",T101<>""),S101-T101,""),"null")
...

Sheet Sheet3
A1: name | B1: year | C1: pop_n | D1: pop_u | E1: wat_bas_n | F1: wat_lim_n | G1: wat_unimp_n | H1: wat_sur_n | I1: wat_bas_r | J1: wat_lim_r | K1: wat_unimp_r | L1: wat_sur_r | M1: wat_bas_u | N1: wat_lim_u | O1: wat_unimp_u | P1: wat_sur_u | Q1: y_diff | R1: ARC_n | S1: ARC_r | T1: ARC_u | U1: wat_bas_n(rounded) | V1: wat_bas_r(rounded) | W1: wat_bas_u(rounded)
A2: Afghanistan | B2: 2015 | C2: 34413.602 | D2: 24.802999 | E2: 61.339781 | F2: 3.5111995 | G2: 22.168784 | H2: 12.980236 | I2: 52.988502 | J2: 3.8611366 | K2: 26.553268 | L2: 16.597094 | M2: 86.658941 | N2: 2.4502706 | O2: 8.8760357 | P2: 2.014753 | Q2: =IF(A3=A2,B3-B2,"") -> 5 | R2: =IFERROR(IF($A3=$A2,($E3-$E2)/($B3-$B2),""),"null") -> 2.7503265 | S2: =IFERROR(IF($A3=$A2,($I3-$I2)/($B3-$B2),""),"null") -> 2.6678826 | T2: =IFERROR(IF($A3=$A2,($M3-$M2)/($B3-$B2),""),"null") -> 2.6682119 | U2: =IFERROR(ROUND(E2,0),"null") -> 61
A3: Afghanistan | B3: 2020 | C3: 38928.34 | D3: 26.025999 | E3: 75.091413 | F3: 1.4475417 | G3: 14.560263 | H3: 8.9007822 | I3: 66.327915 | J3: 1.9568249 | K3: 19.682949 | L3: 12.032311 | M3: 100 | N3: 0 | O3: 0 | P3: 0 | Q3: =IF(A4=A3,B4-B3,"") | R3: =IFERROR(IF($A4=$A3,($E4-$E3)/($B4-$B3),""),"null") | S3: =IFERROR(IF($A4=$A3,($I4-$I3)/($B4-$B3),""),"null") | T3: =IFERROR(IF($A4=$A3,($M4-$M3)/($B4-$B3),""),"null") | U3: =IFERROR(ROUND(E3,0),"null") -> 75
A4: Albania | B4: 2015 | C4: 2890.5239 | D4: 57.433998 | E4: 93.394325 | F4: 3.6263837 | G4: 2.979291 | H4: 0 | I4: 90.627275 | J4: 5.2631726 | K4: 4.1095527 | L4: 0 | M4: 95.445067 | N4: 2.4133118 | O4: 2.1416212 | P4: 0 | Q4: =IF(A5=A4,B5-B4,"") -> 5 | R4: =IFERROR(IF($A5=$A4,($E5-$E4)/($B5-$B4),""),"null") -> 0.3347427 | S4: =IFERROR(IF($A5=$A4,($I5-$I4)/($B5-$B4),""),"null") -> 0.69281669 | T4: =IFERROR(IF($A5=$A4,($M5-$M4)/($B5-$B4),""),"null") -> 0.043748432 | U4: =IFERROR(ROUND(E4,0),"null") -> 93
A5: Albania | B5: 2020 | C5: 2877.8 | D5: 62.112 | E5: 95.068039 | F5: 1.8846561 | G5: 3.0473051 | H5: 0 | I5: 94.091358 | J5: 2.305265 | K5: 3.603377 | L5: 0 | M5: 95.663809 | N5: 1.6280868 | O5: 2.7081041 | P5: 0 | Q5: =IF(A6=A5,B6-B5,"") | R5: =IFERROR(IF($A6=$A5,($E6-$E5)/($B6-$B5),""),"null") | S5: =IFERROR(IF($A6=$A5,($I6-$I5)/($B6-$B5),""),"null") | T5: =IFERROR(IF($A6=$A5,($M6-$M5)/($B6-$B5),""),"null") | U5: =IFERROR(ROUND(E5,0),"null") -> 95
A6: Algeria | B6: 2015 | C6: 39728.02 | D6: 70.848 | E6: 93.409562 | F6: 5.1577809 | G6: 1.2754647 | H6: 0.15719289 | I6: 88.352707 | J6: 8.6857531 | K6: 2.5804318 | L6: 0.38110822 | M6: 95.490315 | N6: 3.7061173 | O6: 0.73851009 | P6: 0.065057898 | Q6: =IF(A7=A6,B7-B6,"") -> 5 | R6: =IFERROR(IF($A7=$A6,($E7-$E6)/($B7-$B6),""),"null") -> 0.20555369 | S6: =IFERROR(IF($A7=$A6,($I7-$I6)/($B7-$B6),""),"null") -> 0.33696621 | T6: =IFERROR(IF($A7=$A6,($M7-$M6)/($B7-$B6),""),"null") -> 0.10288423 | U6: =IFERROR(ROUND(E6,0),"null") -> 93
A7: Algeria | B7: 2020 | C7: 43851.043 | D7: 73.733002 | E7: 94.43733 | F7: 4.9858808 | G7: 0.53183666 | H7: 0.044952533 | I7: 90.037538 | J7: 8.7967221 | K7: 0.99460303 | L7: 0.17113693 | M7: 96.004736 | N7: 3.6282886 | O7: 0.36697555 | P7: 0 | Q7: =IF(A8=A7,B8-B7,"") | R7: =IFERROR(IF($A8=$A7,($E8-$E7)/($B8-$B7),""),"null") | S7: =IFERROR(IF($A8=$A7,($I8-$I7)/($B8-$B7),""),"null") | T7: =IFERROR(IF($A8=$A7,($M8-$M7)/($B8-$B7),""),"null") | U7: =IFERROR(ROUND(E7,0),"null") -> 94
A8: American Samoa | B8: 2015 | C8: 55.806 | D8: 87.238007 | E8: 99.619103 | F8: 0 | G8: 0.38089685 | H8: 0 | I8: null | J8: null | K8: null | L8: null | M8: null | N8: null | O8: null | P8: null | Q8: =IF(A9=A8,B9-B8,"") -> 5 | R8: =IFERROR(IF($A9=$A8,($E9-$E8)/($B9-$B8),""),"null") -> 0.030933702 | S8: =IFERROR(IF($A9=$A8,($I9-$I8)/($B9-$B8),""),"null") -> null | T8: =IFERROR(IF($A9=$A8,($M9-$M8)/($B9-$B8),""),"null") -> null | U8: =IFERROR(ROUND(E8,0),"null") -> 100
A9: American Samoa | B9: 2020 | C9: 55.196999 | D9: 87.153 | E9: 99.773772 | F9: 0 | G9: 0.22622834 | H9: 0 | I9: null | J9: null | K9: null | L9: null | M9: null | N9: null | O9: null | P9: null | Q9: =IF(A10=A9,B10-B9,"") | R9: =IFERROR(IF($A10=$A9,($E10-$E9)/($B10-$B9),""),"null") | S9: =IFERROR(IF($A10=$A9,($I10-$I9)/($B10-$B9),""),"null") | T9: =IFERROR(IF($A10=$A9,($M10-$M9)/($B10-$B9),""),"null") | U9: =IFERROR(ROUND(E9,0),"null") -> 100
A10: Andorra | B10: 2015 | C10: 77.992996 | D10: 88.344994 | E10: 99.999998 | F10: 0 | G10: 2.4455384e-06 | H10: 0 | I10: 100 | J10: 0 | K10: 0 | L10: 0 | M10: 100 | N10: 0 | O10: 0 | P10: 0 | Q10: =IF(A11=A10,B11-B10,"") -> 5 | R10: =IFERROR(IF($A11=$A10,($E11-$E10)/($B11-$B10),""),"null") -> 1.23e-06 | S10: =IFERROR(IF($A11=$A10,($I11-$I10)/($B11-$B10),""),"null") -> 0 | T10: =IFERROR(IF($A11=$A10,($M11-$M10)/($B11-$B10),""),"null") -> 0 | U10: =IFERROR(ROUND(E10,0),"null") -> 100
A11: Andorra | B11: 2020 | C11: 77.264999 | D11: 87.916 | E11: 100 | F11: 0 | G11: 0 | H11: 0 | I11: 100 | J11: 0 | K11: 0 | L11: 0 | M11: 100 | N11: 0 | O11: 0 | P11: 0 | Q11: =IF(A12=A11,B12-B11,"") | R11: =IFERROR(IF($A12=$A11,($E12-$E11)/($B12-$B11),""),"null") | S11: =IFERROR(IF($A12=$A11,($I12-$I11)/($B12-$B11),""),"null") | T11: =IFERROR(IF($A12=$A11,($M12-$M11)/($B12-$B11),""),"null") | U11: =IFERROR(ROUND(E11,0),"null") -> 100
A12: Angola | B12: 2015 | C12: 27884.381 | D12: 63.445995 | E12: 54.316928 | F12: 11.368619 | G12: 17.372356 | H12: 16.942097 | I12: 26.714369 | J12: 9.9310693 | K12: 21.725308 | L12: 41.629254 | M12: 70.219965 | N12: 12.196853 | O12: 14.864431 | P12: 2.7187499 | Q12: =IF(A13=A12,B13-B12,"") -> 5 | R12: =IFERROR(IF($A13=$A12,($E13-$E12)/($B13-$B12),""),"null") -> 0.57016185 | S12: =IFERROR(IF($A13=$A12,($I13-$I12)/($B13-$B12),""),"null") -> 0.21877144 | T12: =IFERROR(IF($A13=$A12,($M13-$M12)/($B13-$B12),""),"null") -> 0.3046367 | U12: =IFERROR(ROUND(E12,0),"null") -> 54
A13: Angola | B13: 2020 | C13: 32866.27 | D13: 66.824997 | E13: 57.167738 | F13: 9.2873499 | G13: 19.450825 | H13: 14.094087 | I13: 27.808227 | J13: 8.7404884 | K13: 22.933153 | L13: 40.518132 | M13: 71.743149 | N13: 9.5588375 | O13: 17.722035 | P13: 0.97597916 | Q13: =IF(A14=A13,B14-B13,"") | R13: =IFERROR(IF($A14=$A13,($E14-$E13)/($B14-$B13),""),"null") | S13: =IFERROR(IF($A14=$A13,($I14-$I13)/($B14-$B13),""),"null") | T13: =IFERROR(IF($A14=$A13,($M14-$M13)/($B14-$B13),""),"null") | U13: =IFERROR(ROUND(E13,0),"null") -> 57
A14: Anguilla | B14: 2015 | C14: 14.279 | D14: 100 | E14: 97.482274 | F14: 0 | G14: 2.5177258 | H14: 0 | I14: null | J14: null | K14: null | L14: null | M14: 97.482274 | N14: 0 | O14: 2.5177258 | P14: 0 | Q14: =IF(A15=A14,B15-B14,"") -> 2 | R14: =IFERROR(IF($A15=$A14,($E15-$E14)/($B15-$B14),""),"null") -> 0 | S14: =IFERROR(IF($A15=$A14,($I15-$I14)/($B15-$B14),""),"null") -> null | T14: =IFERROR(IF($A15=$A14,($M15-$M14)/($B15-$B14),""),"null") -> 0 | U14: =IFERROR(ROUND(E14,0),"null") -> 97
A15: Anguilla | B15: 2017 | C15: 14.588 | D15: 100 | E15: 97.482274 | F15: 0 | G15: 2.5177258 | H15: 0 | I15: null | J15: null | K15: null | L15: null | M15: 97.482274 | N15: 0 | O15: 2.5177258 | P15: 0 | Q15: =IF(A16=A15,B16-B15,"") | R15: =IFERROR(IF($A16=$A15,($E16-$E15)/($B16-$B15),""),"null") | S15: =IFERROR(IF($A16=$A15,($I16-$I15)/($B16-$B15),""),"null") | T15: =IFERROR(IF($A16=$A15,($M16-$M15)/($B16-$B15),""),"null") | U15: =IFERROR(ROUND(E15,0),"null") -> 97
A16: Antigua and Barbuda | B16: 2015 | C16: 93.570999 | D16: 25 | E16: 96.739186 | F16: 0 | G16: 3.1663476 | H16: 0.094466114 | I16: null | J16: null | K16: null | L16: null | M16: null | N16: null | O16: null | P16: null | Q16: =IF(A17=A16,B17-B16,"") -> 2 | R16: =IFERROR(IF($A17=$A16,($E17-$E16)/($B17-$B16),""),"null") -> 0 | S16: =IFERROR(IF($A17=$A16,($I17-$I16)/($B17-$B16),""),"null") -> null | T16: =IFERROR(IF($A17=$A16,($M17-$M16)/($B17-$B16),""),"null") -> null | U16: =IFERROR(ROUND(E16,0),"null") -> 97
A17: Antigua and Barbuda | B17: 2017 | C17: 95.425003 | D17: 24.713001 | E17: 96.739186 | F17: 0 | G17: 3.1663476 | H17: 0.094466114 | I17: null | J17: null | K17: null | L17: null | M17: null | N17: null | O17: null | P17: null | Q17: =IF(A18=A17,B18-B17,"") | R17: =IFERROR(IF($A18=$A17,($E18-$E17)/($B18-$B17),""),"null") | S17: =IFERROR(IF($A18=$A17,($I18-$I17)/($B18-$B17),""),"null") | T17: =IFERROR(IF($A18=$A17,($M18-$M17)/($B18-$B17),""),"null") | U17: =IFERROR(ROUND(E17,0),"null") -> 97
A18: Argentina | B18: 2015 | C18: 43075.414 | D18: 91.502998 | E18: 98.966588 | F18: 0 | G18: 0.66491438 | H18: 0.36849747 | I18: 92.98366 | J18: 0 | K18: 2.6795449 | L18: 4.3367951 | M18: 99.522163 | N18: 0 | O18: 0.47783695 | P18: 0 | Q18: =IF(A19=A18,B19-B18,"") -> 5 | R18: =IFERROR(IF($A19=$A18,($E19-$E18)/($B19-$B18),""),"null") -> null | S18: =IFERROR(IF($A19=$A18,($I19-$I18)/($B19-$B18),""),"null") -> null | T18: =IFERROR(IF($A19=$A18,($M19-$M18)/($B19-$B18),""),"null") -> 0.05365152 | U18: =IFERROR(ROUND(E18,0),"null") -> 99
A19: Argentina | B19: 2020 | C19: 45195.777 | D19: 92.111 | E19: null | F19: null | G19: null | H19: null | I19: null | J19: null | K19: null | L19: null | M19: 99.790421 | N19: 0 | O19: 0.20957935 | P19: 0 | Q19: =IF(A20=A19,B20-B19,"") | R19: =IFERROR(IF($A20=$A19,($E20-$E19)/($B20-$B19),""),"null") | S19: =IFERROR(IF($A20=$A19,($I20-$I19)/($B20-$B19),""),"null") | T19: =IFERROR(IF($A20=$A19,($M20-$M19)/($B20-$B19),""),"null") | U19: =IFERROR(ROUND(E19,0),"null") -> null
A20: Armenia | B20: 2015 | C20: 2925.5591 | D20: 63.085003 | E20: 99.552567 | F20: 0 | G20: 0.098505084 | H20: 0.34892822 | I20: 99.054779 | J20: 0 | K20: 0 | L20: 0.94522073 | M20: 99.843853 | N20: 0 | O20: 0.1561466 | P20: 0 | Q20: =IF(A21=A20,B21-B20,"") -> 5 | R20: =IFERROR(IF($A21=$A20,($E21-$E20)/($B21-$B20),""),"null") -> 0.083722798 | S20: =IFERROR(IF($A21=$A20,($I21-$I20)/($B21-$B20),""),"null") -> 0.18904415 | T20: =IFERROR(IF($A21=$A20,($M21-$M20)/($B21-$B20),""),"null") -> 0.022125564 | U20: =IFERROR(ROUND(E20,0),"null") -> 100
A21: Armenia | B21: 2020 | C21: 2963.2339 | D21: 63.313 | E21: 99.971181 | F21: 0 | G21: 0.028819308 | H21: 0 | I21: 100 | J21: 0 | K21: 0 | L21: 0 | M21: 99.954481 | N21: 0 | O21: 0.045518784 | P21: 0 | Q21: =IF(A22=A21,B22-B21,"") | R21: =IFERROR(IF($A22=$A21,($E22-$E21)/($B22-$B21),""),"null") | S21: =IFERROR(IF($A22=$A21,($I22-$I21)/($B22-$B21),""),"null") | T21: =IFERROR(IF($A22=$A21,($M22-$M21)/($B22-$B21),""),"null") | U21: =IFERROR(ROUND(E21,0),"null") -> 100
A22: Aruba | B22: 2015 | C22: 104.339 | D22: 43.108002 | E22: 97.869023 | F22: 0 | G22: 1.9599362 | H22: 0.17104041 | I22: null | J22: null | K22: null | L22: null | M22: null | N22: null | O22: null | P22: null | Q22: =IF(A23=A22,B23-B22,"") -> 1 | R22: =IFERROR(IF($A23=$A22,($E23-$E22)/($B23-$B22),""),"null") -> 0 | S22: =IFERROR(IF($A23=$A22,($I23-$I22)/($B23-$B22),""),"null") -> null | T22: =IFERROR(IF($A23=$A22,($M23-$M22)/($B23-$B22),""),"null") -> null | U22: =IFERROR(ROUND(E22,0),"null") -> 98
A23: Aruba | B23: 2016 | C23: 104.865 | D23: 43.191998 | E23: 97.869023 | F23: 0 | G23: 1.9599362 | H23: 0.17104041 | I23: null | J23: null | K23: null | L23: null | M23: null | N23: null | O23: null | P23: null | Q23: =IF(A24=A23,B24-B23,"") | R23: =IFERROR(IF($A24=$A23,($E24-$E23)/($B24-$B23),""),"null") | S23: =IFERROR(IF($A24=$A23,($I24-$I23)/($B24-$B23),""),"null") | T23: =IFERROR(IF($A24=$A23,($M24-$M23)/($B24-$B23),""),"null") | U23: =IFERROR(ROUND(E23,0),"null") -> 98
A24: Australia | B24: 2015 | C24: 23932.498 | D24: 85.701004 | E24: 99.970006 | F24: 0 | G24: 0.029994331 | H24: 0 | I24: 100 | J24: 0 | K24: 0 | L24: 0 | M24: 99.965 | N24: 0 | O24: 0.035 | P24: 0 | Q24: =IF(A25=A24,B25-B24,"") -> 5 | R24: =IFERROR(IF($A25=$A24,($E25-$E24)/($B25-$B24),""),"null") -> -3.877e-05 | S24: =IFERROR(IF($A25=$A24,($I25-$I24)/($B25-$B24),""),"null") -> 0 | T24: =IFERROR(IF($A25=$A24,($M25-$M24)/($B25-$B24),""),"null") -> 0 | U24: =IFERROR(ROUND(E24,0),"null") -> 100
A25: Australia | B25: 2020 | C25: 25499.881 | D25: 86.240997 | E25: 99.969812 | F25: 0 | G25: 0.030188179 | H25: 0 | I25: 100 | J25: 0 | K25: 0 | L25: 0 | M25: 99.965 | N25: 0 | O25: 0.035 | P25: 0 | Q25: =IF(A26=A25,B26-B25,"") | R25: =IFERROR(IF($A26=$A25,($E26-$E25)/($B26-$B25),""),"null") | S25: =IFERROR(IF($A26=$A25,($I26-$I25)/($B26-$B25),""),"null") | T25: =IFERROR(IF($A26=$A25,($M26-$M25)/($B26-$B25),""),"null") | U25: =IFERROR(ROUND(E25,0),"null") -> 100
A26: Austria | B26: 2015 | C26: 8678.667 | D26: 57.715 | E26: 100 | F26: 0 | G26: 0 | H26: 0 | I26: 100 | J26: 0 | K26: 0 | L26: 0 | M26: 100 | N26: 0 | O26: 0 | P26: 0 | Q26: =IF(A27=A26,B27-B26,"") -> 5 | R26: =IFERROR(IF($A27=$A26,($E27-$E26)/($B27-$B26),""),"null") -> 0 | S26: =IFERROR(IF($A27=$A26,($I27-$I26)/($B27-$B26),""),"null") -> 0 | T26: =IFERROR(IF($A27=$A26,($M27-$M26)/($B27-$B26),""),"null") -> 0 | U26: =IFERROR(ROUND(E26,0),"null") -> 100
A27: Austria | B27: 2020 | C27: 9006.4004 | D27: 58.748001 | E27: 100 | F27: 0 | G27: 0 | H27: 0 | I27: 100 | J27: 0 | K27: 0 | L27: 0 | M27: 100 | N27: 0 | O27: 0 | P27: 0 | Q27: =IF(A28=A27,B28-B27,"") | R27: =IFERROR(IF($A28=$A27,($E28-$E27)/($B28-$B27),""),"null") | S27: =IFERROR(IF($A28=$A27,($I28-$I27)/($B28-$B27),""),"null") | T27: =IFERROR(IF($A28=$A27,($M28-$M27)/($B28-$B27),""),"null") | U27: =IFERROR(ROUND(E27,0),"null") -> 100
A28: Azerbaijan | B28: 2015 | C28: 9622.7412 | D28: 54.714001 | E28: 92.420314 | F28: 1.0022424 | G28: 4.3650895 | H28: 2.2123541 | I28: 84.143213 | J28: 2.2131397 | K28: 8.988206 | L28: 4.655441 | M28: 99.271152 | N28: 0 | O28: 0.53860203 | P28: 0.19024593 | Q28: =IF(A29=A28,B29-B28,"") -> 5 | R28: =IFERROR(IF($A29=$A28,($E29-$E28)/($B29-$B28),""),"null") -> 0.72461243 | S28: =IFERROR(IF($A29=$A28,($I29-$I28)/($B29-$B28),""),"null") -> 1.3565169 | T28: =IFERROR(IF($A29=$A28,($M29-$M28)/($B29-$B28),""),"null") -> 0.14576959 | U28: =IFERROR(ROUND(E28,0),"null") -> 92
A29: Azerbaijan | B29: 2020 | C29: 10139.175 | D29: 56.397003 | E29: 96.043376 | F29: 1.0427812 | G29: 2.9138427 | H29: 0 | I29: 90.925798 | J29: 2.3915357 | K29: 6.6826664 | L29: 0 | M29: 100 | N29: 0 | O29: 0 | P29: 0 | Q29: =IF(A30=A29,B30-B29,"") | R29: =IFERROR(IF($A30=$A29,($E30-$E29)/($B30-$B29),""),"null") | S29: =IFERROR(IF($A30=$A29,($I30-$I29)/($B30-$B29),""),"null") | T29: =IFERROR(IF($A30=$A29,($M30-$M29)/($B30-$B29),""),"null") | U29: =IFERROR(ROUND(E29,0),"null") -> 96
A30: Bahamas | B30: 2015 | C30: 374.20001 | D30: 82.745995 | E30: 98.886961 | F30: 0 | G30: 1.1130395 | H30: 0 | I30: null | J30: null | K30: null | L30: null | M30: null | N30: null | O30: null | P30: null | Q30: =IF(A31=A30,B31-B30,"") -> 4 | R30: =IFERROR(IF($A31=$A30,($E31-$E30)/($B31-$B30),""),"null") -> 0 | S30: =IFERROR(IF($A31=$A30,($I31-$I30)/($B31-$B30),""),"null") -> null | T30: =IFERROR(IF($A31=$A30,($M31-$M30)/($B31-$B30),""),"null") -> null | U30: =IFERROR(ROUND(E30,0),"null") -> 99
A31: Bahamas | B31: 2019 | C31: 389.48599 | D31: 83.131996 | E31: 98.886961 | F31: 0 | G31: 1.1130395 | H31: 0 | I31: null | J31: null | K31: null | L31: null | M31: null | N31: null | O31: null | P31: null | Q31: =IF(A32=A31,B32-B31,"") | R31: =IFERROR(IF($A32=$A31,($E32-$E31)/($B32-$B31),""),"null") | S31: =IFERROR(IF($A32=$A31,($I32-$I31)/($B32-$B31),""),"null") | T31: =IFERROR(IF($A32=$A31,($M32-$M31)/($B32-$B31),""),"null") | U31: =IFERROR(ROUND(E31,0),"null") -> 99
A32: Bahrain | B32: 2015 | C32: 1371.853 | D32: 88.998993 | E32: 100 | F32: 0 | G32: 0 | H32: 0 | I32: null | J32: null | K32: null | L32: null | M32: null | N32: null | O32: null | P32: null | Q32: =IF(A33=A32,B33-B32,"") -> 5 | R32: =IFERROR(IF($A33=$A32,($E33-$E32)/($B33-$B32),""),"null") -> 0 | S32: =IFERROR(IF($A33=$A32,($I33-$I32)/($B33-$B32),""),"null") -> null | T32: =IFERROR(IF($A33=$A32,($M33-$M32)/($B33-$B32),""),"null") -> null | U32: =IFERROR(ROUND(E32,0),"null") -> 100
A33: Bahrain | B33: 2020 | C33: 1701.583 | D33: 89.506004 | E33: 100 | F33: 0 | G33: 0 | H33: 0 | I33: null | J33: null | K33: null | L33: null | M33: null | N33: null | O33: null | P33: null | Q33: =IF(A34=A33,B34-B33,"") | R33: =IFERROR(IF($A34=$A33,($E34-$E33)/($B34-$B33),""),"null") | S33: =IFERROR(IF($A34=$A33,($I34-$I33)/($B34-$B33),""),"null") | T33: =IFERROR(IF($A34=$A33,($M34-$M33)/($B34-$B33),""),"null") | U33: =IFERROR(ROUND(E33,0),"null") -> 100
A34: Bangladesh | B34: 2015 | C34: 156256.28 | D34: 34.308002 | E34: 97.101602 | F34: 1.087989 | G34: 0.72156166 | H34: 1.0888469 | I34: 96.773011 | J34: 1.0462142 | K34: 0.73174732 | L34: 1.4490272 | M34: 97.73078 | N34: 1.1679782 | O34: 0.70205843 | P34: 0.39918371 | Q34: =IF(A35=A34,B35-B34,"") -> 5 | R34: =IFERROR(IF($A35=$A34,($E35-$E34)/($B35-$B34),""),"null") -> 0.11927156 | S34: =IFERROR(IF($A35=$A34,($I35-$I34)/($B35-$B34),""),"null") -> 0.2214453 | T34: =IFERROR(IF($A35=$A34,($M35-$M34)/($B35-$B34),""),"null") -> -0.065600342 | U34: =IFERROR(ROUND(E34,0),"null") -> 97
A35: Bangladesh | B35: 2020 | C35: 164689.39 | D35: 38.177002 | E35: 97.69796 | F35: 1.1564259 | G35: 0.4626557 | H35: 0.68295817 | I35: 97.880238 | J35: 0.85810498 | K35: 0.31648024 | L35: 0.94517702 | M35: 97.402778 | N35: 1.6395201 | O35: 0.69937521 | P35: 0.25832669 | Q35: =IF(A36=A35,B36-B35,"") | R35: =IFERROR(IF($A36=$A35,($E36-$E35)/($B36-$B35),""),"null") | S35: =IFERROR(IF($A36=$A35,($I36-$I35)/($B36-$B35),""),"null") | T35: =IFERROR(IF($A36=$A35,($M36-$M35)/($B36-$B35),""),"null") | U35: =IFERROR(ROUND(E35,0),"null") -> 98
